date,season,home,away,home_abbr,away_abbr,fthg,ftag,ftr
2023-10-24,2023-24,1610612743,1610612747,DEN,LAL,119,107,H
2023-10-24,2023-24,1610612744,1610612756,GSW,PHX,104,108,A
2023-10-25,2023-24,1610612741,1610612760,CHI,OKC,104,124,A
2023-10-25,2023-24,1610612746,1610612757,LAC,POR,123,111,H
2023-10-25,2023-24,1610612748,1610612765,MIA,DET,103,102,H
2023-10-25,2023-24,1610612751,1610612739,BKN,CLE,113,114,A
2023-10-25,2023-24,1610612752,1610612738,NYK,BOS,104,108,A
2023-10-25,2023-24,1610612753,1610612745,ORL,HOU,116,86,H
2023-10-25,2023-24,1610612754,1610612764,IND,WAS,143,120,H
2023-10-25,2023-24,1610612759,1610612742,SAS,DAL,119,126,A
2023-10-25,2023-24,1610612761,1610612750,TOR,MIN,97,94,H
2023-10-25,2023-24,1610612762,1610612758,UTA,SAC,114,130,A
2023-10-25,2023-24,1610612763,1610612740,MEM,NOP,104,111,A
2023-10-25,2023-24,1610612766,1610612737,CHA,ATL,116,110,H
2023-10-26,2023-24,1610612747,1610612756,LAL,PHX,100,95,H
2023-10-26,2023-24,1610612749,1610612755,MIL,PHI,118,117,H
2023-10-27,2023-24,1610612737,1610612752,ATL,NYK,120,126,A
2023-10-27,2023-24,1610612738,1610612748,BOS,MIA,119,111,H
2023-10-27,2023-24,1610612739,1610612760,CLE,OKC,105,108,A
2023-10-27,2023-24,1610612741,1610612761,CHI,TOR,104,103,H
2023-10-27,2023-24,1610612742,1610612751,DAL,BKN,125,120,H
2023-10-27,2023-24,1610612757,1610612753,POR,ORL,97,102,A
2023-10-27,2023-24,1610612758,1610612744,SAC,GSW,114,122,A
2023-10-27,2023-24,1610612759,1610612745,SAS,HOU,126,122,H
2023-10-27,2023-24,1610612762,1610612746,UTA,LAC,120,118,H
2023-10-27,2023-24,1610612763,1610612743,MEM,DEN,104,108,A
2023-10-27,2023-24,1610612766,1610612765,CHA,DET,99,111,A
2023-10-28,2023-24,1610612739,1610612754,CLE,IND,113,125,A
2023-10-28,2023-24,1610612740,1610612752,NOP,NYK,96,87,H
2023-10-28,2023-24,1610612750,1610612748,MIN,MIA,106,90,H
2023-10-28,2023-24,1610612756,1610612762,PHX,UTA,126,104,H
2023-10-28,2023-24,1610612761,1610612755,TOR,PHI,107,114,A
2023-10-28,2023-24,1610612764,1610612763,WAS,MEM,113,106,H
2023-10-28,2023-24,1610612765,1610612741,DET,CHI,118,102,H
2023-10-29,2023-24,1610612745,1610612744,HOU,GSW,95,106,A
2023-10-29,2023-24,1610612746,1610612759,LAC,SAS,123,83,H
2023-10-29,2023-24,1610612749,1610612737,MIL,ATL,110,127,A
2023-10-29,2023-24,1610612755,1610612757,PHI,POR,126,98,H
2023-10-29,2023-24,1610612758,1610612747,SAC,LAL,132,127,H
2023-10-29,2023-24,1610612760,1610612743,OKC,DEN,95,128,A
2023-10-30,2023-24,1610612737,1610612750,ATL,MIN,127,113,H
2023-10-30,2023-24,1610612740,1610612744,NOP,GSW,102,130,A
2023-10-30,2023-24,1610612743,1610612762,DEN,UTA,110,102,H
2023-10-30,2023-24,1610612747,1610612753,LAL,ORL,106,103,H
2023-10-30,2023-24,1610612749,1610612748,MIL,MIA,122,114,H
2023-10-30,2023-24,1610612754,1610612741,IND,CHI,105,112,A
2023-10-30,2023-24,1610612760,1610612765,OKC,DET,124,112,H
2023-10-30,2023-24,1610612761,1610612757,TOR,POR,91,99,A
2023-10-30,2023-24,1610612763,1610612742,MEM,DAL,110,125,A
2023-10-30,2023-24,1610612764,1610612738,WAS,BOS,107,126,A
2023-10-30,2023-24,1610612766,1610612751,CHA,BKN,121,133,A
2023-10-31,2023-24,1610612739,1610612752,CLE,NYK,91,109,A
2023-10-31,2023-24,1610612746,1610612753,LAC,ORL,118,102,H
2023-10-31,2023-24,1610612756,1610612759,PHX,SAS,114,115,A
2023-11-01,2023-24,1610612737,1610612764,ATL,WAS,130,121,H
2023-11-01,2023-24,1610612738,1610612754,BOS,IND,155,104,H
2023-11-01,2023-24,1610612742,1610612741,DAL,CHI,114,105,H
2023-11-01,2023-24,1610612744,1610612758,GSW,SAC,102,101,H
2023-11-01,2023-24,1610612745,1610612766,HOU,CHA,128,119,H
2023-11-01,2023-24,1610612747,1610612746,LAL,LAC,130,125,H
2023-11-01,2023-24,1610612748,1610612751,MIA,BKN,105,109,A
2023-11-01,2023-24,1610612750,1610612743,MIN,DEN,110,89,H
2023-11-01,2023-24,1610612752,1610612739,NYK,CLE,89,95,A
2023-11-01,2023-24,1610612760,1610612740,OKC,NOP,106,110,A
2023-11-01,2023-24,1610612761,1610612749,TOR,MIL,130,111,H
2023-11-01,2023-24,1610612762,1610612763,UTA,MEM,133,109,H
2023-11-01,2023-24,1610612765,1610612757,DET,POR,101,110,A
2023-11-02,2023-24,1610612740,1610612765,NOP,DET,125,116,H
2023-11-02,2023-24,1610612755,1610612761,PHI,TOR,114,99,H
2023-11-02,2023-24,1610612756,1610612759,PHX,SAS,121,132,A
2023-11-02,2023-24,1610612762,1610612753,UTA,ORL,113,115,A
2023-11-03,2023-24,1610612741,1610612751,CHI,BKN,107,109,A
2023-11-03,2023-24,1610612743,1610612742,DEN,DAL,125,114,H
2023-11-03,2023-24,1610612748,1610612764,MIA,WAS,121,114,H
2023-11-03,2023-24,1610612749,1610612752,MIL,NYK,110,105,H
2023-11-03,2023-24,1610612754,1610612739,IND,CLE,121,116,H
2023-11-03,2023-24,1610612757,1610612763,POR,MEM,115,113,H
2023-11-03,2023-24,1610612760,1610612744,OKC,GSW,139,141,A
2023-11-04,2023-24,1610612740,1610612737,NOP,ATL,105,123,A
2023-11-04,2023-24,1610612743,1610612741,DEN,CHI,123,101,H
2023-11-04,2023-24,1610612745,1610612758,HOU,SAC,107,89,H
2023-11-04,2023-24,1610612750,1610612762,MIN,UTA,123,95,H
2023-11-04,2023-24,1610612751,1610612738,BKN,BOS,114,124,A
2023-11-04,2023-24,1610612753,1610612747,ORL,LAL,120,101,H
2023-11-04,2023-24,1610612754,1610612766,IND,CHA,124,125,A
2023-11-04,2023-24,1610612755,1610612756,PHI,PHX,112,100,H
2023-11-05,2023-24,1610612739,1610612744,CLE,GSW,115,104,H
2023-11-05,2023-24,1610612742,1610612766,DAL,CHA,124,118,H
2023-11-05,2023-24,1610612757,1610612763,POR,MEM,100,112,A
2023-11-05,2023-24,1610612759,1610612761,SAS,TOR,116,123,A
2023-11-05,2023-24,1610612765,1610612756,DET,PHX,106,120,A
2023-11-06,2023-24,1610612741,1610612762,CHI,UTA,130,113,H
2023-11-06,2023-24,1610612743,1610612740,DEN,NOP,134,116,H
2023-11-06,2023-24,1610612745,1610612758,HOU,SAC,122,97,H
2023-11-06,2023-24,1610612748,1610612747,MIA,LAL,108,107,H
2023-11-06,2023-24,1610612750,1610612738,MIN,BOS,114,109,H
2023-11-06,2023-24,1610612751,1610612749,BKN,MIL,125,129,A
2023-11-06,2023-24,1610612752,1610612746,NYK,LAC,111,97,H
2023-11-06,2023-24,1610612753,1610612742,ORL,DAL,102,117,A
2023-11-06,2023-24,1610612754,1610612759,IND,SAS,152,111,H
2023-11-06,2023-24,1610612755,1610612764,PHI,WAS,146,128,H
2023-11-06,2023-24,1610612760,1610612737,OKC,ATL,126,117,H
2023-11-06,2023-24,1610612765,1610612744,DET,GSW,109,120,A
2023-11-08,2023-24,1610612741,1610612756,CHI,PHX,115,116,A
2023-11-08,2023-24,1610612742,1610612761,DAL,TOR,116,127,A
2023-11-08,2023-24,1610612743,1610612744,DEN,GSW,108,105,H
2023-11-08,2023-24,1610612745,1610612747,HOU,LAL,128,94,H
2023-11-08,2023-24,1610612749,1610612765,MIL,DET,120,118,H
2023-11-08,2023-24,1610612750,1610612740,MIN,NOP,122,101,H
2023-11-08,2023-24,1610612751,1610612746,BKN,LAC,100,93,H
2023-11-08,2023-24,1610612752,1610612759,NYK,SAS,126,105,H
2023-11-08,2023-24,1610612754,1610612762,IND,UTA,134,118,H
2023-11-08,2023-24,1610612755,1610612738,PHI,BOS,106,103,H
2023-11-08,2023-24,1610612758,1610612757,SAC,POR,121,118,H
2023-11-08,2023-24,1610612760,1610612739,OKC,CLE,128,120,H
2023-11-08,2023-24,1610612763,1610612748,MEM,MIA,102,108,A
2023-11-08,2023-24,1610612766,1610612764,CHA,WAS,116,132,A
2023-11-09,2023-24,1610612753,1610612737,ORL,ATL,119,120,A
2023-11-09,2023-24,1610612754,1610612749,IND,MIL,126,124,H
2023-11-10,2023-24,1610612738,1610612751,BOS,BKN,121,107,H
2023-11-10,2023-24,1610612742,1610612746,DAL,LAC,144,126,H
2023-11-10,2023-24,1610612745,1610612740,HOU,NOP,104,101,H
2023-11-10,2023-24,1610612756,1610612747,PHX,LAL,119,122,A
2023-11-10,2023-24,1610612758,1610612760,SAC,OKC,105,98,H
2023-11-10,2023-24,1610612759,1610612750,SAS,MIN,110,117,A
2023-11-10,2023-24,1610612763,1610612762,MEM,UTA,121,127,A
2023-11-10,2023-24,1610612764,1610612766,WAS,CHA,117,124,A
2023-11-10,2023-24,1610612765,1610612755,DET,PHI,106,114,A
2023-11-11,2023-24,1610612737,1610612748,ATL,MIA,109,117,A
2023-11-11,2023-24,1610612738,1610612761,BOS,TOR,117,94,H
2023-11-11,2023-24,1610612744,1610612739,GSW,CLE,110,118,A
2023-11-11,2023-24,1610612753,1610612749,ORL,MIL,112,97,H
2023-11-12,2023-24,1610612740,1610612742,NOP,DAL,124,136,A
2023-11-12,2023-24,1610612741,1610612765,CHI,DET,119,108,H
2023-11-12,2023-24,1610612744,1610612750,GSW,MIN,110,116,A
2023-11-12,2023-24,1610612745,1610612743,HOU,DEN,107,104,H
2023-11-12,2023-24,1610612746,1610612763,LAC,MEM,101,105,A
2023-11-12,2023-24,1610612747,1610612757,LAL,POR,116,110,H
2023-11-12,2023-24,1610612751,1610612764,BKN,WAS,102,94,H
2023-11-12,2023-24,1610612752,1610612766,NYK,CHA,129,107,H
2023-11-12,2023-24,1610612755,1610612754,PHI,IND,137,126,H
2023-11-12,2023-24,1610612756,1610612760,PHX,OKC,99,111,A
2023-11-12,2023-24,1610612759,1610612748,SAS,MIA,113,118,A
2023-11-13,2023-24,1610612738,1610612752,BOS,NYK,114,98,H
2023-11-13,2023-24,1610612749,1610612741,MIL,CHI,118,109,H
2023-11-13,2023-24,1610612758,1610612739,SAC,CLE,132,120,H
2023-11-13,2023-24,1610612761,1610612764,TOR,WAS,111,107,H
2023-11-14,2023-24,1610612740,1610612742,NOP,DAL,131,110,H
2023-11-14,2023-24,1610612743,1610612746,DEN,LAC,111,108,H
2023-11-14,2023-24,1610612744,1610612750,GSW,MIN,101,104,A
2023-11-14,2023-24,1610612747,1610612763,LAL,MEM,134,107,H
2023-11-14,2023-24,1610612751,1610612753,BKN,ORL,124,104,H
2023-11-14,2023-24,1610612755,1610612754,PHI,IND,126,132,A
2023-11-14,2023-24,1610612760,1610612759,OKC,SAS,123,87,H
2023-11-14,2023-24,1610612762,1610612757,UTA,POR,115,99,H
2023-11-14,2023-24,1610612765,1610612737,DET,ATL,120,126,A
2023-11-14,2023-24,1610612766,1610612748,CHA,MIA,105,111,A
2023-11-15,2023-24,1610612737,1610612752,ATL,NYK,114,116,A
2023-11-15,2023-24,1610612741,1610612753,CHI,ORL,94,96,A
2023-11-15,2023-24,1610612747,1610612758,LAL,SAC,110,125,A
2023-11-15,2023-24,1610612755,1610612738,PHI,BOS,107,117,A
2023-11-15,2023-24,1610612756,1610612750,PHX,MIN,133,115,H
2023-11-15,2023-24,1610612757,1610612739,POR,CLE,95,109,A
2023-11-15,2023-24,1610612761,1610612749,TOR,MIL,112,128,A
2023-11-15,2023-24,1610612764,1610612742,WAS,DAL,117,130,A
2023-11-16,2023-24,1610612744,1610612760,GSW,OKC,109,128,A
2023-11-16,2023-24,1610612748,1610612751,MIA,BKN,122,115,H
2023-11-17,2023-24,1610612737,1610612755,ATL,PHI,116,126,A
2023-11-17,2023-24,1610612739,1610612765,CLE,DET,108,100,H
2023-11-17,2023-24,1610612740,1610612743,NOP,DEN,115,110,H
2023-11-17,2023-24,1610612741,1610612753,CHI,ORL,97,103,A
2023-11-17,2023-24,1610612746,1610612745,LAC,HOU,106,100,H
2023-11-17,2023-24,1610612757,1610612747,POR,LAL,95,107,A
2023-11-17,2023-24,1610612759,1610612758,SAS,SAC,120,129,A
2023-11-17,2023-24,1610612761,1610612738,TOR,BOS,105,108,A
2023-11-17,2023-24,1610612762,1610612756,UTA,PHX,128,131,A
2023-11-17,2023-24,1610612764,1610612752,WAS,NYK,99,120,A
2023-11-17,2023-24,1610612766,1610612749,CHA,MIL,99,130,A
2023-11-18,2023-24,1610612740,1610612750,NOP,MIN,120,121,A
2023-11-18,2023-24,1610612741,1610612748,CHI,MIA,102,97,H
2023-11-18,2023-24,1610612744,1610612760,GSW,OKC,123,130,A
2023-11-18,2023-24,1610612749,1610612742,MIL,DAL,132,125,H
2023-11-18,2023-24,1610612759,1610612763,SAS,MEM,108,120,A
2023-11-18,2023-24,1610612766,1610612752,CHA,NYK,108,122,A
2023-11-19,2023-24,1610612739,1610612743,CLE,DEN,121,109,H
2023-11-19,2023-24,1610612742,1610612758,DAL,SAC,113,129,A
2023-11-19,2023-24,1610612747,1610612745,LAL,HOU,105,104,H
2023-11-19,2023-24,1610612751,1610612755,BKN,PHI,99,121,A
2023-11-19,2023-24,1610612754,1610612753,IND,ORL,116,128,A
2023-11-19,2023-24,1610612757,1610612760,POR,OKC,91,134,A
2023-11-19,2023-24,1610612761,1610612765,TOR,DET,142,113,H
2023-11-19,2023-24,1610612762,1610612756,UTA,PHX,137,140,A
2023-11-19,2023-24,1610612763,1610612738,MEM,BOS,100,102,A
2023-11-20,2023-24,1610612740,1610612758,NOP,SAC,129,93,H
2023-11-20,2023-24,1610612741,1610612748,CHI,MIA,100,118,A
2023-11-20,2023-24,1610612744,1610612745,GSW,HOU,121,116,H
2023-11-20,2023-24,1610612750,1610612752,MIN,NYK,117,100,H
2023-11-20,2023-24,1610612759,1610612746,SAS,LAC,99,124,A
2023-11-20,2023-24,1610612764,1610612749,WAS,MIL,129,142,A
2023-11-20,2023-24,1610612765,1610612743,DET,DEN,103,107,A
2023-11-20,2023-24,1610612766,1610612738,CHA,BOS,121,118,H
2023-11-21,2023-24,1610612737,1610612754,ATL,IND,152,157,A
2023-11-21,2023-24,1610612747,1610612762,LAL,UTA,131,99,H
2023-11-21,2023-24,1610612753,1610612761,ORL,TOR,126,107,H
2023-11-21,2023-24,1610612755,1610612739,PHI,CLE,119,122,A
2023-11-21,2023-24,1610612756,1610612757,PHX,POR,120,107,H
2023-11-22,2023-24,1610612737,1610612751,ATL,BKN,147,145,H
2023-11-22,2023-24,1610612738,1610612749,BOS,MIL,119,116,H
2023-11-22,2023-24,1610612739,1610612748,CLE,MIA,96,129,A
2023-11-22,2023-24,1610612740,1610612758,NOP,SAC,117,112,H
2023-11-22,2023-24,1610612745,1610612763,HOU,MEM,111,91,H
2023-11-22,2023-24,1610612747,1610612742,LAL,DAL,101,104,A
2023-11-22,2023-24,1610612750,1610612755,MIN,PHI,112,99,H
2023-11-22,2023-24,1610612753,1610612743,ORL,DEN,124,119,H
2023-11-22,2023-24,1610612754,1610612761,IND,TOR,131,132,A
2023-11-22,2023-24,1610612756,1610612744,PHX,GSW,123,115,H
2023-11-22,2023-24,1610612757,1610612762,POR,UTA,121,105,H
2023-11-22,2023-24,1610612759,1610612746,SAS,LAC,102,109,A
2023-11-22,2023-24,1610612760,1610612741,OKC,CHI,116,102,H
2023-11-22,2023-24,1610612766,1610612764,CHA,WAS,117,114,H
2023-11-24,2023-24,1610612744,1610612759,GSW,SAS,118,112,H
2023-11-24,2023-24,1610612745,1610612743,HOU,DEN,105,86,H
2023-11-24,2023-24,1610612746,1610612740,LAC,NOP,106,116,A
2023-11-24,2023-24,1610612749,1610612764,MIL,WAS,131,128,H
2023-11-24,2023-24,1610612750,1610612758,MIN,SAC,111,124,A
2023-11-24,2023-24,1610612752,1610612748,NYK,MIA,100,98,H
2023-11-24,2023-24,1610612753,1610612738,ORL,BOS,113,96,H
2023-11-24,2023-24,1610612754,1610612765,IND,DET,136,113,H
2023-11-24,2023-24,1610612761,1610612741,TOR,CHI,121,108,H
2023-11-24,2023-24,1610612763,1610612756,MEM,PHX,89,110,A
2023-11-25,2023-24,1610612739,1610612747,CLE,LAL,115,121,A
2023-11-25,2023-24,1610612746,1610612742,LAC,DAL,107,88,H
2023-11-25,2023-24,1610612751,1610612748,BKN,MIA,112,97,H
2023-11-25,2023-24,1610612760,1610612755,OKC,PHI,123,127,A
2023-11-25,2023-24,1610612762,1610612740,UTA,NOP,105,100,H
2023-11-25,2023-24,1610612764,1610612737,WAS,ATL,108,136,A
2023-11-26,2023-24,1610612738,1610612737,BOS,ATL,113,103,H
2023-11-26,2023-24,1610612739,1610612761,CLE,TOR,105,102,H
2023-11-26,2023-24,1610612743,1610612759,DEN,SAS,132,120,H
2023-11-26,2023-24,1610612749,1610612757,MIL,POR,108,102,H
2023-11-26,2023-24,1610612751,1610612741,BKN,CHI,118,109,H
2023-11-26,2023-24,1610612752,1610612756,NYK,PHX,113,116,A
2023-11-26,2023-24,1610612753,1610612766,ORL,CHA,130,117,H
2023-11-26,2023-24,1610612763,1610612750,MEM,MIN,97,119,A
2023-11-27,2023-24,1610612746,1610612743,LAC,DEN,104,113,A
2023-11-27,2023-24,1610612754,1610612757,IND,POR,110,114,A
2023-11-27,2023-24,1610612755,1610612747,PHI,LAL,138,94,H
2023-11-27,2023-24,1610612762,1610612740,UTA,NOP,114,112,H
2023-11-27,2023-24,1610612765,1610612764,DET,WAS,107,126,A
2023-11-28,2023-24,1610612738,1610612741,BOS,CHI,124,97,H
2023-11-28,2023-24,1610612739,1610612737,CLE,ATL,128,105,H
2023-11-28,2023-24,1610612742,1610612745,DAL,HOU,121,115,H
2023-11-28,2023-24,1610612748,1610612749,MIA,MIL,124,131,A
2023-11-28,2023-24,1610612750,1610612760,MIN,OKC,106,103,H
2023-11-28,2023-24,1610612751,1610612761,BKN,TOR,115,103,H
2023-11-28,2023-24,1610612752,1610612766,NYK,CHA,115,91,H
2023-11-28,2023-24,1610612758,1610612744,SAC,GSW,124,123,H
2023-11-29,2023-24,1610612740,1610612755,NOP,PHI,124,114,H
2023-11-29,2023-24,1610612743,1610612745,DEN,HOU,134,124,H
2023-11-29,2023-24,1610612753,1610612764,ORL,WAS,139,120,H
2023-11-29,2023-24,1610612758,1610612746,SAC,LAC,117,131,A
2023-11-29,2023-24,1610612761,1610612756,TOR,PHX,112,105,H
2023-11-29,2023-24,1610612763,1610612762,MEM,UTA,105,91,H
2023-11-29,2023-24,1610612765,1610612747,DET,LAL,107,133,A
2023-11-30,2023-24,1610612739,1610612757,CLE,POR,95,103,A
2023-11-30,2023-24,1610612741,1610612749,CHI,MIL,120,113,H
2023-11-30,2023-24,1610612744,1610612746,GSW,LAC,120,114,H
2023-11-30,2023-24,1610612748,1610612754,MIA,IND,142,132,H
2023-11-30,2023-24,1610612750,1610612762,MIN,UTA,101,90,H
2023-11-30,2023-24,1610612751,1610612766,BKN,CHA,128,129,A
2023-11-30,2023-24,1610612752,1610612765,NYK,DET,118,112,H
2023-11-30,2023-24,1610612759,1610612737,SAS,ATL,135,137,A
2023-11-30,2023-24,1610612760,1610612747,OKC,LAL,133,110,H
2023-12-01,2023-24,1610612738,1610612755,BOS,PHI,125,119,H
2023-12-01,2023-24,1610612740,1610612759,NOP,SAS,121,106,H
2023-12-01,2023-24,1610612742,1610612763,DAL,MEM,94,108,A
2023-12-01,2023-24,1610612753,1610612764,ORL,WAS,130,125,H
2023-12-01,2023-24,1610612756,1610612743,PHX,DEN,111,119,A
2023-12-01,2023-24,1610612761,1610612752,TOR,NYK,106,119,A
2023-12-02,2023-24,1610612741,1610612740,CHI,NOP,124,118,H
2023-12-02,2023-24,1610612742,1610612760,DAL,OKC,120,126,A
2023-12-02,2023-24,1610612746,1610612744,LAC,GSW,113,112,H
2023-12-02,2023-24,1610612747,1610612745,LAL,HOU,107,97,H
2023-12-02,2023-24,1610612748,1610612754,MIA,IND,129,144,A
2023-12-02,2023-24,1610612749,1610612737,MIL,ATL,132,121,H
2023-12-02,2023-24,1610612751,1610612753,BKN,ORL,129,101,H
2023-12-02,2023-24,1610612756,1610612763,PHX,MEM,116,109,H
2023-12-02,2023-24,1610612758,1610612743,SAC,DEN,123,117,H
2023-12-02,2023-24,1610612762,1610612757,UTA,POR,118,113,H
2023-12-02,2023-24,1610612765,1610612739,DET,CLE,101,110,A
2023-12-02,2023-24,1610612766,1610612750,CHA,MIN,117,123,A
2023-12-04,2023-24,1610612754,1610612738,IND,BOS,122,112,H
2023-12-04,2023-24,1610612758,1610612740,SAC,NOP,117,127,A
2023-12-05,2023-24,1610612747,1610612756,LAL,PHX,106,103,H
2023-12-05,2023-24,1610612749,1610612752,MIL,NYK,146,122,H
2023-12-06,2023-24,1610612737,1610612751,ATL,BKN,113,114,A
2023-12-06,2023-24,1610612739,1610612753,CLE,ORL,121,111,H
2023-12-06,2023-24,1610612741,1610612766,CHI,CHA,111,100,H
2023-12-06,2023-24,1610612742,1610612762,DAL,UTA,147,97,H
2023-12-06,2023-24,1610612744,1610612757,GSW,POR,110,106,H
2023-12-06,2023-24,1610612745,1610612760,HOU,OKC,110,101,H
2023-12-06,2023-24,1610612746,1610612743,LAC,DEN,111,102,H
2023-12-06,2023-24,1610612750,1610612759,MIN,SAS,102,94,H
2023-12-06,2023-24,1610612761,1610612748,TOR,MIA,103,112,A
2023-12-06,2023-24,1610612764,1610612755,WAS,PHI,126,131,A
2023-12-06,2023-24,1610612765,1610612763,DET,MEM,102,116,A
2023-12-07,2023-24,1610612747,1610612740,LAL,NOP,133,89,H
2023-12-07,2023-24,1610612749,1610612754,MIL,IND,119,128,A
2023-12-08,2023-24,1610612738,1610612752,BOS,NYK,133,123,H
2023-12-08,2023-24,1610612743,1610612745,DEN,HOU,106,114,A
2023-12-08,2023-24,1610612748,1610612739,MIA,CLE,99,111,A
2023-12-08,2023-24,1610612751,1610612764,BKN,WAS,124,97,H
2023-12-08,2023-24,1610612753,1610612765,ORL,DET,123,91,H
2023-12-08,2023-24,1610612755,1610612737,PHI,ATL,125,114,H
2023-12-08,2023-24,1610612756,1610612758,PHX,SAC,106,114,A
2023-12-08,2023-24,1610612757,1610612742,POR,DAL,112,125,A
2023-12-08,2023-24,1610612759,1610612741,SAS,CHI,112,121,A
2023-12-08,2023-24,1610612760,1610612744,OKC,GSW,138,136,H
2023-12-08,2023-24,1610612762,1610612746,UTA,LAC,103,117,A
2023-12-08,2023-24,1610612763,1610612750,MEM,MIN,103,127,A
2023-12-08,2023-24,1610612766,1610612761,CHA,TOR,119,116,H
2023-12-11,2023-24,1610612737,1610612743,ATL,DEN,122,129,A
2023-12-11,2023-24,1610612740,1610612750,NOP,MIN,121,107,H
2023-12-11,2023-24,1610612745,1610612759,HOU,SAS,93,82,H
2023-12-11,2023-24,1610612746,1610612757,LAC,POR,132,127,H
2023-12-11,2023-24,1610612749,1610612741,MIL,CHI,133,129,H
2023-12-11,2023-24,1610612752,1610612761,NYK,TOR,136,130,H
2023-12-11,2023-24,1610612753,1610612739,ORL,CLE,104,94,H
2023-12-11,2023-24,1610612755,1610612764,PHI,WAS,146,101,H
2023-12-11,2023-24,1610612758,1610612751,SAC,BKN,131,118,H
2023-12-11,2023-24,1610612760,1610612762,OKC,UTA,134,120,H
2023-12-11,2023-24,1610612763,1610612742,MEM,DAL,113,120,A
2023-12-11,2023-24,1610612765,1610612754,DET,IND,123,131,A
2023-12-11,2023-24,1610612766,1610612748,CHA,MIA,114,116,A
2023-12-12,2023-24,1610612738,1610612739,BOS,CLE,120,113,H
2023-12-12,2023-24,1610612741,1610612743,CHI,DEN,106,114,A
2023-12-12,2023-24,1610612742,1610612747,DAL,LAL,127,125,H
2023-12-12,2023-24,1610612746,1610612758,LAC,SAC,119,99,H
2023-12-12,2023-24,1610612756,1610612744,PHX,GSW,119,116,H
2023-12-13,2023-24,1610612745,1610612763,HOU,MEM,117,104,H
2023-12-13,2023-24,1610612748,1610612766,MIA,CHA,115,104,H
2023-12-13,2023-24,1610612749,1610612754,MIL,IND,140,126,H
2023-12-13,2023-24,1610612756,1610612751,PHX,BKN,112,116,A
2023-12-13,2023-24,1610612759,1610612747,SAS,LAL,119,122,A
2023-12-13,2023-24,1610612761,1610612737,TOR,ATL,135,128,H
2023-12-13,2023-24,1610612762,1610612752,UTA,NYK,117,113,H
2023-12-13,2023-24,1610612764,1610612740,WAS,NOP,122,142,A
2023-12-13,2023-24,1610612765,1610612755,DET,PHI,111,129,A
2023-12-14,2023-24,1610612738,1610612739,BOS,CLE,116,107,H
2023-12-14,2023-24,1610612742,1610612750,DAL,MIN,101,119,A
2023-12-14,2023-24,1610612743,1610612751,DEN,BKN,124,101,H
2023-12-14,2023-24,1610612746,1610612744,LAC,GSW,121,113,H
2023-12-14,2023-24,1610612748,1610612741,MIA,CHI,116,124,A
2023-12-14,2023-24,1610612757,1610612762,POR,UTA,114,122,A
2023-12-14,2023-24,1610612758,1610612760,SAC,OKC,128,123,H
2023-12-15,2023-24,1610612738,1610612753,BOS,ORL,128,111,H
2023-12-15,2023-24,1610612755,1610612765,PHI,DET,124,92,H
2023-12-15,2023-24,1610612756,1610612752,PHX,NYK,122,139,A
2023-12-15,2023-24,1610612759,1610612747,SAS,LAL,129,115,H
2023-12-15,2023-24,1610612761,1610612737,TOR,ATL,104,125,A
2023-12-15,2023-24,1610612763,1610612745,MEM,HOU,96,103,A
2023-12-15,2023-24,1610612764,1610612754,WAS,IND,137,123,H
2023-12-15,2023-24,1610612766,1610612740,CHA,NOP,107,112,A
2023-12-16,2023-24,1610612739,1610612737,CLE,ATL,127,119,H
2023-12-16,2023-24,1610612743,1610612760,DEN,OKC,117,118,A
2023-12-16,2023-24,1610612744,1610612751,GSW,BKN,124,120,H
2023-12-16,2023-24,1610612746,1610612752,LAC,NYK,144,122,H
2023-12-16,2023-24,1610612748,1610612741,MIA,CHI,118,116,H
2023-12-16,2023-24,1610612749,1610612765,MIL,DET,146,114,H
2023-12-16,2023-24,1610612750,1610612754,MIN,IND,127,109,H
2023-12-16,2023-24,1610612757,1610612742,POR,DAL,120,131,A
2023-12-16,2023-24,1610612758,1610612762,SAC,UTA,125,104,H
2023-12-16,2023-24,1610612766,1610612755,CHA,PHI,82,135,A
2023-12-17,2023-24,1610612738,1610612753,BOS,ORL,114,97,H
2023-12-17,2023-24,1610612749,1610612745,MIL,HOU,128,119,H
2023-12-17,2023-24,1610612756,1610612764,PHX,WAS,112,108,H
2023-12-17,2023-24,1610612757,1610612744,POR,GSW,114,118,A
2023-12-17,2023-24,1610612759,1610612740,SAS,NOP,110,146,A
2023-12-18,2023-24,1610612737,1610612765,ATL,DET,130,124,H
2023-12-18,2023-24,1610612739,1610612745,CLE,HOU,135,130,H
2023-12-18,2023-24,1610612743,1610612742,DEN,DAL,130,104,H
2023-12-18,2023-24,1610612747,1610612752,LAL,NYK,109,114,A
2023-12-18,2023-24,1610612748,1610612750,MIA,MIN,108,112,A
2023-12-18,2023-24,1610612754,1610612746,IND,LAC,127,151,A
2023-12-18,2023-24,1610612755,1610612741,PHI,CHI,104,108,A
2023-12-18,2023-24,1610612758,1610612764,SAC,WAS,143,131,H
2023-12-18,2023-24,1610612760,1610612763,OKC,MEM,116,97,H
2023-12-18,2023-24,1610612761,1610612766,TOR,CHA,114,99,H
2023-12-18,2023-24,1610612762,1610612751,UTA,BKN,125,108,H
2023-12-19,2023-24,1610612740,1610612763,NOP,MEM,113,115,A
2023-12-19,2023-24,1610612744,1610612738,GSW,BOS,132,126,H
2023-12-19,2023-24,1610612749,1610612759,MIL,SAS,132,119,H
2023-12-19,2023-24,1610612757,1610612756,POR,PHX,109,104,H
2023-12-20,2023-24,1610612739,1610612762,CLE,UTA,124,116,H
2023-12-20,2023-24,1610612741,1610612747,CHI,LAL,124,108,H
2023-12-20,2023-24,1610612742,1610612746,DAL,LAC,111,120,A
2023-12-20,2023-24,1610612745,1610612737,HOU,ATL,127,134,A
2023-12-20,2023-24,1610612751,1610612752,BKN,NYK,102,121,A
2023-12-20,2023-24,1610612753,1610612748,ORL,MIA,106,115,A
2023-12-20,2023-24,1610612754,1610612766,IND,CHA,144,113,H
2023-12-20,2023-24,1610612755,1610612750,PHI,MIN,127,113,H
2023-12-20,2023-24,1610612758,1610612738,SAC,BOS,119,144,A
2023-12-20,2023-24,1610612761,1610612743,TOR,DEN,104,113,A
2023-12-21,2023-24,1610612739,1610612740,CLE,NOP,104,123,A
2023-12-21,2023-24,1610612741,1610612759,CHI,SAS,114,95,H
2023-12-21,2023-24,1610612749,1610612753,MIL,ORL,118,114,H
2023-12-21,2023-24,1610612750,1610612747,MIN,LAL,118,111,H
2023-12-21,2023-24,1610612757,1610612764,POR,WAS,117,118,A
2023-12-21,2023-24,1610612760,1610612746,OKC,LAC,134,115,H
2023-12-21,2023-24,1610612763,1610612754,MEM,IND,116,103,H
2023-12-21,2023-24,1610612765,1610612762,DET,UTA,111,119,A
2023-12-22,2023-24,1610612744,1610612764,GSW,WAS,129,118,H
2023-12-22,2023-24,1610612745,1610612742,HOU,DAL,122,96,H
2023-12-22,2023-24,1610612748,1610612737,MIA,ATL,122,113,H
2023-12-22,2023-24,1610612751,1610612743,BKN,DEN,117,122,A
2023-12-22,2023-24,1610612755,1610612761,PHI,TOR,121,111,H
2023-12-22,2023-24,1610612758,1610612756,SAC,PHX,120,105,H
2023-12-23,2023-24,1610612737,1610612763,ATL,MEM,119,125,A
2023-12-23,2023-24,1610612740,1610612745,NOP,HOU,104,106,A
2023-12-23,2023-24,1610612741,1610612739,CHI,CLE,95,109,A
2023-12-23,2023-24,1610612742,1610612759,DAL,SAS,144,119,H
2023-12-23,2023-24,1610612744,1610612757,GSW,POR,126,106,H
2023-12-23,2023-24,1610612746,1610612738,LAC,BOS,108,145,A
2023-12-23,2023-24,1610612751,1610612765,BKN,DET,126,115,H
2023-12-23,2023-24,1610612752,1610612749,NYK,MIL,111,130,A
2023-12-23,2023-24,1610612754,1610612753,IND,ORL,110,117,A
2023-12-23,2023-24,1610612758,1610612750,SAC,MIN,98,110,A
2023-12-23,2023-24,1610612760,1610612747,OKC,LAL,120,129,A
2023-12-23,2023-24,1610612761,1610612762,TOR,UTA,119,126,A
2023-12-23,2023-24,1610612766,1610612743,CHA,DEN,95,102,A
2023-12-25,2023-24,1610612743,1610612744,DEN,GSW,120,114,H
2023-12-25,2023-24,1610612747,1610612738,LAL,BOS,115,126,A
2023-12-25,2023-24,1610612748,1610612755,MIA,PHI,119,113,H
2023-12-25,2023-24,1610612752,1610612749,NYK,MIL,129,122,H
2023-12-25,2023-24,1610612756,1610612742,PHX,DAL,114,128,A
2023-12-26,2023-24,1610612740,1610612763,NOP,MEM,115,116,A
2023-12-26,2023-24,1610612741,1610612737,CHI,ATL,118,113,H
2023-12-26,2023-24,1610612745,1610612754,HOU,IND,117,123,A
2023-12-26,2023-24,1610612746,1610612766,LAC,CHA,113,104,H
2023-12-26,2023-24,1610612757,1610612758,POR,SAC,130,113,H
2023-12-26,2023-24,1610612759,1610612762,SAS,UTA,118,130,A
2023-12-26,2023-24,1610612760,1610612750,OKC,MIN,129,106,H
2023-12-26,2023-24,1610612764,1610612753,WAS,ORL,119,127,A
2023-12-26,2023-24,1610612765,1610612751,DET,BKN,112,118,A
2023-12-27,2023-24,1610612742,1610612739,DAL,CLE,110,113,A
2023-12-27,2023-24,1610612745,1610612756,HOU,PHX,113,129,A
2023-12-27,2023-24,1610612751,1610612749,BKN,MIL,122,144,A
2023-12-27,2023-24,1610612753,1610612755,ORL,PHI,92,112,A
2023-12-27,2023-24,1610612760,1610612752,OKC,NYK,129,120,H
2023-12-27,2023-24,1610612764,1610612761,WAS,TOR,102,132,A
2023-12-28,2023-24,1610612738,1610612765,BOS,DET,128,122,H
2023-12-28,2023-24,1610612740,1610612762,NOP,UTA,112,105,H
2023-12-28,2023-24,1610612741,1610612754,CHI,IND,104,120,A
2023-12-28,2023-24,1610612743,1610612763,DEN,MEM,142,105,H
2023-12-28,2023-24,1610612744,1610612748,GSW,MIA,102,114,A
2023-12-28,2023-24,1610612747,1610612766,LAL,CHA,133,112,H
2023-12-28,2023-24,1610612750,1610612742,MIN,DAL,118,110,H
2023-12-28,2023-24,1610612757,1610612759,POR,SAS,105,118,A
2023-12-29,2023-24,1610612737,1610612758,ATL,SAC,110,117,A
2023-12-29,2023-24,1610612738,1610612761,BOS,TOR,120,118,H
2023-12-29,2023-24,1610612739,1610612749,CLE,MIL,111,119,A
2023-12-29,2023-24,1610612743,1610612760,DEN,OKC,93,119,A
2023-12-29,2023-24,1610612745,1610612755,HOU,PHI,127,131,A
2023-12-29,2023-24,1610612746,1610612763,LAC,MEM,117,106,H
2023-12-29,2023-24,1610612753,1610612752,ORL,NYK,117,108,H
2023-12-29,2023-24,1610612756,1610612766,PHX,CHA,133,119,H
2023-12-29,2023-24,1610612757,1610612759,POR,SAS,134,128,H
2023-12-29,2023-24,1610612764,1610612751,WAS,BKN,110,104,H
2023-12-30,2023-24,1610612741,1610612755,CHI,PHI,105,92,H
2023-12-30,2023-24,1610612744,1610612742,GSW,DAL,122,132,A
2023-12-30,2023-24,1610612750,1610612747,MIN,LAL,108,106,H
2023-12-30,2023-24,1610612754,1610612752,IND,NYK,140,126,H
2023-12-30,2023-24,1610612762,1610612748,UTA,MIA,117,109,H
2023-12-30,2023-24,1610612765,1610612761,DET,TOR,129,127,H
2023-12-31,2023-24,1610612740,1610612747,NOP,LAL,129,109,H
2023-12-31,2023-24,1610612756,1610612753,PHX,ORL,112,107,H
2023-12-31,2023-24,1610612759,1610612738,SAS,BOS,101,134,A
2023-12-31,2023-24,1610612760,1610612751,OKC,BKN,124,108,H
2023-12-31,2023-24,1610612763,1610612758,MEM,SAC,92,123,A
2023-12-31,2023-24,1610612764,1610612737,WAS,ATL,126,130,A
2024-01-01,2023-24,1610612743,1610612766,DEN,CHA,111,93,H
2024-01-01,2023-24,1610612745,1610612765,HOU,DET,136,113,H
2024-01-01,2023-24,1610612746,1610612748,LAC,MIA,121,104,H
2024-01-01,2023-24,1610612749,1610612754,MIL,IND,113,122,A
2024-01-01,2023-24,1610612752,1610612750,NYK,MIN,112,106,H
2024-01-01,2023-24,1610612756,1610612757,PHX,POR,109,88,H
2024-01-01,2023-24,1610612761,1610612739,TOR,CLE,124,121,H
2024-01-01,2023-24,1610612762,1610612742,UTA,DAL,127,90,H
2024-01-02,2023-24,1610612740,1610612751,NOP,BKN,112,85,H
2024-01-02,2023-24,1610612744,1610612753,GSW,ORL,121,115,H
2024-01-02,2023-24,1610612755,1610612741,PHI,CHI,110,97,H
2024-01-02,2023-24,1610612758,1610612766,SAC,CHA,104,111,A
2024-01-02,2023-24,1610612760,1610612738,OKC,BOS,127,123,H
2024-01-02,2023-24,1610612763,1610612759,MEM,SAS,106,98,H
2024-01-03,2023-24,1610612737,1610612760,ATL,OKC,141,138,H
2024-01-03,2023-24,1610612739,1610612764,CLE,WAS,140,101,H
2024-01-03,2023-24,1610612742,1610612757,DAL,POR,126,97,H
2024-01-03,2023-24,1610612745,1610612751,HOU,BKN,112,101,H
2024-01-03,2023-24,1610612747,1610612748,LAL,MIA,96,110,A
2024-01-03,2023-24,1610612750,1610612740,MIN,NOP,106,117,A
2024-01-03,2023-24,1610612752,1610612741,NYK,CHI,116,100,H
2024-01-03,2023-24,1610612754,1610612749,IND,MIL,142,130,H
2024-01-03,2023-24,1610612756,1610612746,PHX,LAC,122,131,A
2024-01-03,2023-24,1610612758,1610612753,SAC,ORL,138,135,H
2024-01-03,2023-24,1610612762,1610612765,UTA,DET,154,148,H
2024-01-03,2023-24,1610612763,1610612761,MEM,TOR,111,116,A
2024-01-04,2023-24,1610612744,1610612743,GSW,DEN,127,130,A
2024-01-04,2023-24,1610612759,1610612749,SAS,MIL,121,125,A
2024-01-05,2023-24,1610612738,1610612762,BOS,UTA,126,97,H
2024-01-05,2023-24,1610612739,1610612764,CLE,WAS,114,90,H
2024-01-05,2023-24,1610612740,1610612746,NOP,LAC,95,111,A
2024-01-05,2023-24,1610612741,1610612766,CHI,CHA,104,91,H
2024-01-05,2023-24,1610612742,1610612757,DAL,POR,139,103,H
2024-01-05,2023-24,1610612743,1610612753,DEN,ORL,120,122,A
2024-01-05,2023-24,1610612744,1610612765,GSW,DET,113,109,H
2024-01-05,2023-24,1610612745,1610612750,HOU,MIN,95,122,A
2024-01-05,2023-24,1610612747,1610612763,LAL,MEM,113,127,A
2024-01-05,2023-24,1610612751,1610612760,BKN,OKC,124,115,H
2024-01-05,2023-24,1610612754,1610612737,IND,ATL,150,116,H
2024-01-05,2023-24,1610612755,1610612752,PHI,NYK,92,128,A
2024-01-05,2023-24,1610612756,1610612748,PHX,MIA,113,97,H
2024-01-05,2023-24,1610612758,1610612761,SAC,TOR,135,130,H
2024-01-06,2023-24,1610612745,1610612749,HOU,MIL,112,108,H
2024-01-06,2023-24,1610612754,1610612738,IND,BOS,101,118,A
2024-01-06,2023-24,1610612755,1610612762,PHI,UTA,109,120,A
2024-01-06,2023-24,1610612764,1610612752,WAS,NYK,105,121,A
2024-01-07,2023-24,1610612739,1610612759,CLE,SAS,117,115,H
2024-01-07,2023-24,1610612742,1610612750,DAL,MIN,115,108,H
2024-01-07,2023-24,1610612743,1610612765,DEN,DET,131,114,H
2024-01-07,2023-24,1610612744,1610612761,GSW,TOR,118,133,A
2024-01-07,2023-24,1610612747,1610612746,LAL,LAC,106,103,H
2024-01-07,2023-24,1610612751,1610612757,BKN,POR,127,134,A
2024-01-07,2023-24,1610612753,1610612737,ORL,ATL,117,110,H
2024-01-07,2023-24,1610612756,1610612763,PHX,MEM,115,121,A
2024-01-07,2023-24,1610612758,1610612740,SAC,NOP,100,133,A
2024-01-08,2023-24,1610612746,1610612756,LAC,PHX,138,111,H
2024-01-08,2023-24,1610612748,1610612745,MIA,HOU,120,113,H
2024-01-08,2023-24,1610612749,1610612762,MIL,UTA,116,132,A
2024-01-08,2023-24,1610612754,1610612738,IND,BOS,133,131,H
2024-01-08,2023-24,1610612764,1610612760,WAS,OKC,128,136,A
2024-01-08,2023-24,1610612766,1610612741,CHA,CHI,112,119,A
2024-01-09,2023-24,1610612742,1610612763,DAL,MEM,103,120,A
2024-01-09,2023-24,1610612747,1610612761,LAL,TOR,132,131,H
2024-01-09,2023-24,1610612752,1610612757,NYK,POR,112,84,H
2024-01-09,2023-24,1610612753,1610612750,ORL,MIN,92,113,A
2024-01-09,2023-24,1610612765,1610612758,DET,SAC,110,131,A
2024-01-10,2023-24,1610612737,1610612755,ATL,PHI,139,132,H
2024-01-10,2023-24,1610612738,1610612750,BOS,MIN,127,120,H
2024-01-10,2023-24,1610612741,1610612745,CHI,HOU,124,119,H
2024-01-10,2023-24,1610612744,1610612740,GSW,NOP,105,141,A
2024-01-10,2023-24,1610612746,1610612761,LAC,TOR,126,120,H
2024-01-10,2023-24,1610612748,1610612760,MIA,OKC,120,128,A
2024-01-10,2023-24,1610612754,1610612764,IND,WAS,112,104,H
2024-01-10,2023-24,1610612762,1610612743,UTA,DEN,124,111,H
2024-01-10,2023-24,1610612765,1610612759,DET,SAS,108,130,A
2024-01-10,2023-24,1610612766,1610612758,CHA,SAC,98,123,A
2024-01-11,2023-24,1610612739,1610612751,CLE,BKN,111,102,H
2024-01-11,2023-24,1610612742,1610612752,DAL,NYK,128,124,H
2024-01-11,2023-24,1610612747,1610612756,LAL,PHX,109,127,A
2024-01-11,2023-24,1610612749,1610612738,MIL,BOS,135,102,H
2024-01-11,2023-24,1610612760,1610612757,OKC,POR,139,77,H
2024-01-12,2023-24,1610612737,1610612754,ATL,IND,108,126,A
2024-01-12,2023-24,1610612741,1610612744,CHI,GSW,131,140,A
2024-01-12,2023-24,1610612743,1610612740,DEN,NOP,125,113,H
2024-01-12,2023-24,1610612748,1610612753,MIA,ORL,99,96,H
2024-01-12,2023-24,1610612750,1610612757,MIN,POR,116,93,H
2024-01-12,2023-24,1610612755,1610612758,PHI,SAC,112,93,H
2024-01-12,2023-24,1610612759,1610612766,SAS,CHA,135,99,H
2024-01-12,2023-24,1610612762,1610612761,UTA,TOR,145,113,H
2024-01-12,2023-24,1610612763,1610612746,MEM,LAC,119,128,A
2024-01-12,2023-24,1610612765,1610612745,DET,HOU,110,112,A
2024-01-13,2023-24,1610612737,1610612764,ATL,WAS,99,127,A
2024-01-13,2023-24,1610612738,1610612745,BOS,HOU,145,113,H
2024-01-13,2023-24,1610612742,1610612740,DAL,NOP,108,118,A
2024-01-13,2023-24,1610612749,1610612744,MIL,GSW,129,118,H
2024-01-13,2023-24,1610612759,1610612741,SAS,CHI,116,122,A
2024-01-13,2023-24,1610612760,1610612753,OKC,ORL,112,100,H
2024-01-13,2023-24,1610612762,1610612747,UTA,LAL,132,125,H
2024-01-13,2023-24,1610612763,1610612752,MEM,NYK,94,106,A
2024-01-14,2023-24,1610612743,1610612754,DEN,IND,117,109,H
2024-01-14,2023-24,1610612748,1610612766,MIA,CHA,104,87,H
2024-01-14,2023-24,1610612749,1610612758,MIL,SAC,143,142,H
2024-01-14,2023-24,1610612750,1610612746,MIN,LAC,109,105,H
2024-01-14,2023-24,1610612757,1610612756,POR,PHX,116,127,A
2024-01-15,2023-24,1610612737,1610612759,ATL,SAS,109,99,H
2024-01-15,2023-24,1610612739,1610612741,CLE,CHI,109,91,H
2024-01-15,2023-24,1610612742,1610612740,DAL,NOP,125,120,H
2024-01-15,2023-24,1610612747,1610612760,LAL,OKC,112,105,H
2024-01-15,2023-24,1610612751,1610612748,BKN,MIA,95,96,A
2024-01-15,2023-24,1610612752,1610612753,NYK,ORL,94,98,A
2024-01-15,2023-24,1610612755,1610612745,PHI,HOU,124,115,H
2024-01-15,2023-24,1610612761,1610612738,TOR,BOS,96,105,A
2024-01-15,2023-24,1610612762,1610612754,UTA,IND,132,105,H
2024-01-15,2023-24,1610612763,1610612744,MEM,GSW,116,107,H
2024-01-15,2023-24,1610612764,1610612765,WAS,DET,117,129,A
2024-01-16,2023-24,1610612746,1610612760,LAC,OKC,128,117,H
2024-01-16,2023-24,1610612755,1610612743,PHI,DEN,126,121,H
2024-01-16,2023-24,1610612756,1610612758,PHX,SAC,119,117,H
2024-01-17,2023-24,1610612737,1610612753,ATL,ORL,106,104,H
2024-01-17,2023-24,1610612738,1610612759,BOS,SAS,117,98,H
2024-01-17,2023-24,1610612739,1610612749,CLE,MIL,135,95,H
2024-01-17,2023-24,1610612740,1610612766,NOP,CHA,132,112,H
2024-01-17,2023-24,1610612747,1610612742,LAL,DAL,127,110,H
2024-01-17,2023-24,1610612752,1610612745,NYK,HOU,109,94,H
2024-01-17,2023-24,1610612757,1610612751,POR,BKN,105,103,H
2024-01-17,2023-24,1610612761,1610612748,TOR,MIA,121,97,H
2024-01-17,2023-24,1610612765,1610612750,DET,MIN,117,124,A
2024-01-18,2023-24,1610612750,1610612763,MIN,MEM,118,103,H
2024-01-18,2023-24,1610612752,1610612764,NYK,WAS,113,109,H
2024-01-18,2023-24,1610612758,1610612754,SAC,IND,121,126,A
2024-01-18,2023-24,1610612761,1610612741,TOR,CHI,110,116,A
2024-01-18,2023-24,1610612762,1610612760,UTA,OKC,129,134,A
2024-01-19,2023-24,1610612738,1610612743,BOS,DEN,100,102,A
2024-01-19,2023-24,1610612740,1610612756,NOP,PHX,109,123,A
2024-01-19,2023-24,1610612747,1610612751,LAL,BKN,112,130,A
2024-01-19,2023-24,1610612748,1610612737,MIA,ATL,108,109,A
2024-01-19,2023-24,1610612753,1610612755,ORL,PHI,109,124,A
2024-01-19,2023-24,1610612757,1610612754,POR,IND,118,115,H
2024-01-19,2023-24,1610612766,1610612759,CHA,SAS,124,120,H
2024-01-20,2023-24,1610612737,1610612739,ATL,CLE,95,116,A
2024-01-20,2023-24,1610612741,1610612763,CHI,MEM,125,96,H
2024-01-20,2023-24,1610612745,1610612762,HOU,UTA,127,126,H
2024-01-20,2023-24,1610612750,1610612760,MIN,OKC,97,102,A
2024-01-20,2023-24,1610612752,1610612761,NYK,TOR,126,100,H
2024-01-20,2023-24,1610612764,1610612759,WAS,SAS,127,131,A
2024-01-20,2023-24,1610612765,1610612749,DET,MIL,135,141,A
2024-01-20,2023-24,1610612766,1610612755,CHA,PHI,89,97,A
2024-01-21,2023-24,1610612745,1610612738,HOU,BOS,107,116,A
2024-01-21,2023-24,1610612746,1610612751,LAC,BKN,125,114,H
2024-01-21,2023-24,1610612747,1610612757,LAL,POR,134,110,H
2024-01-21,2023-24,1610612753,1610612748,ORL,MIA,105,87,H
2024-01-21,2023-24,1610612756,1610612754,PHX,IND,117,110,H
2024-01-21,2023-24,1610612764,1610612743,WAS,DEN,104,113,A
2024-01-22,2023-24,1610612742,1610612738,DAL,BOS,110,119,A
2024-01-22,2023-24,1610612750,1610612766,MIN,CHA,125,128,A
2024-01-22,2023-24,1610612753,1610612739,ORL,CLE,99,126,A
2024-01-22,2023-24,1610612755,1610612759,PHI,SAS,133,123,H
2024-01-22,2023-24,1610612756,1610612741,PHX,CHI,115,113,H
2024-01-22,2023-24,1610612758,1610612737,SAC,ATL,122,107,H
2024-01-22,2023-24,1610612761,1610612763,TOR,MEM,100,108,A
2024-01-22,2023-24,1610612765,1610612749,DET,MIL,113,122,A
2024-01-23,2023-24,1610612740,1610612762,NOP,UTA,153,124,H
2024-01-23,2023-24,1610612746,1610612747,LAC,LAL,127,116,H
2024-01-23,2023-24,1610612751,1610612752,BKN,NYK,103,108,A
2024-01-23,2023-24,1610612754,1610612743,IND,DEN,109,114,A
2024-01-23,2023-24,1610612760,1610612757,OKC,POR,111,109,H
2024-01-24,2023-24,1610612742,1610612756,DAL,PHX,109,132,A
2024-01-24,2023-24,1610612744,1610612737,GSW,ATL,134,112,H
2024-01-24,2023-24,1610612745,1610612757,HOU,POR,131,137,A
2024-01-24,2023-24,1610612748,1610612763,MIA,MEM,96,105,A
2024-01-24,2023-24,1610612749,1610612739,MIL,CLE,126,116,H
2024-01-24,2023-24,1610612759,1610612760,SAS,OKC,114,140,A
2024-01-24,2023-24,1610612764,1610612750,WAS,MIN,107,118,A
2024-01-24,2023-24,1610612765,1610612766,DET,CHA,113,106,H
2024-01-25,2023-24,1610612744,1610612758,GSW,SAC,133,134,A
2024-01-25,2023-24,1610612747,1610612741,LAL,CHI,141,132,H
2024-01-25,2023-24,1610612748,1610612738,MIA,BOS,110,143,A
2024-01-25,2023-24,1610612751,1610612750,BKN,MIN,94,96,A
2024-01-25,2023-24,1610612752,1610612743,NYK,DEN,122,84,H
2024-01-25,2023-24,1610612754,1610612755,IND,PHI,134,122,H
2024-01-25,2023-24,1610612764,1610612762,WAS,UTA,108,123,A
2024-01-26,2023-24,1610612737,1610612742,ATL,DAL,143,148,A
2024-01-26,2023-24,1610612740,1610612760,NOP,OKC,83,107,A
2024-01-26,2023-24,1610612749,1610612739,MIL,CLE,100,112,A
2024-01-26,2023-24,1610612754,1610612756,IND,PHX,133,131,H
2024-01-26,2023-24,1610612759,1610612757,SAS,POR,116,100,H
2024-01-26,2023-24,1610612761,1610612746,TOR,LAC,107,127,A
2024-01-26,2023-24,1610612763,1610612753,MEM,ORL,107,106,H
2024-01-26,2023-24,1610612766,1610612745,CHA,HOU,104,138,A
2024-01-27,2023-24,1610612738,1610612746,BOS,LAC,96,115,A
2024-01-27,2023-24,1610612742,1610612758,DAL,SAC,115,120,A
2024-01-27,2023-24,1610612743,1610612755,DEN,PHI,111,105,H
2024-01-27,2023-24,1610612744,1610612747,GSW,LAL,144,145,A
2024-01-27,2023-24,1610612749,1610612740,MIL,NOP,141,117,H
2024-01-27,2023-24,1610612751,1610612745,BKN,HOU,106,104,H
2024-01-27,2023-24,1610612752,1610612748,NYK,MIA,125,109,H
2024-01-27,2023-24,1610612759,1610612750,SAS,MIN,113,112,H
2024-01-27,2023-24,1610612765,1610612764,DET,WAS,104,118,A
2024-01-27,2023-24,1610612766,1610612762,CHA,UTA,122,134,A
2024-01-28,2023-24,1610612737,1610612761,ATL,TOR,126,125,H
2024-01-28,2023-24,1610612753,1610612756,ORL,PHX,113,98,H
2024-01-28,2023-24,1610612754,1610612763,IND,MEM,116,110,H
2024-01-28,2023-24,1610612757,1610612741,POR,CHI,96,104,A
2024-01-28,2023-24,1610612765,1610612760,DET,OKC,120,104,H
2024-01-29,2023-24,1610612738,1610612740,BOS,NOP,118,112,H
2024-01-29,2023-24,1610612739,1610612746,CLE,LAC,118,108,H
2024-01-29,2023-24,1610612742,1610612753,DAL,ORL,131,129,H
2024-01-29,2023-24,1610612743,1610612749,DEN,MIL,113,107,H
2024-01-29,2023-24,1610612745,1610612747,HOU,LAL,135,119,H
2024-01-29,2023-24,1610612748,1610612756,MIA,PHX,105,118,A
2024-01-29,2023-24,1610612751,1610612762,BKN,UTA,147,114,H
2024-01-29,2023-24,1610612757,1610612755,POR,PHI,130,104,H
2024-01-29,2023-24,1610612759,1610612764,SAS,WAS,113,118,A
2024-01-29,2023-24,1610612760,1610612750,OKC,MIN,101,107,A
2024-01-29,2023-24,1610612763,1610612758,MEM,SAC,94,103,A
2024-01-29,2023-24,1610612766,1610612752,CHA,NYK,92,113,A
2024-01-30,2023-24,1610612737,1610612747,ATL,LAL,138,122,H
2024-01-30,2023-24,1610612738,1610612754,BOS,IND,129,124,H
2024-01-30,2023-24,1610612741,1610612761,CHI,TOR,107,118,A
2024-01-30,2023-24,1610612744,1610612755,GSW,PHI,119,107,H
2024-01-30,2023-24,1610612752,1610612762,NYK,UTA,118,103,H
2024-01-31,2023-24,1610612739,1610612765,CLE,DET,128,121,H
2024-01-31,2023-24,1610612745,1610612740,HOU,NOP,99,110,A
2024-01-31,2023-24,1610612748,1610612758,MIA,SAC,115,106,H
2024-01-31,2023-24,1610612750,1610612742,MIN,DAL,121,87,H
2024-01-31,2023-24,1610612751,1610612756,BKN,PHX,120,136,A
2024-01-31,2023-24,1610612757,1610612749,POR,MIL,119,116,H
2024-01-31,2023-24,1610612759,1610612753,SAS,ORL,98,108,A
2024-01-31,2023-24,1610612760,1610612743,OKC,DEN,105,100,H
2024-01-31,2023-24,1610612764,1610612746,WAS,LAC,109,125,A
2024-01-31,2023-24,1610612766,1610612741,CHA,CHI,110,117,A
2024-02-01,2023-24,1610612738,1610612747,BOS,LAL,105,114,A
2024-02-01,2023-24,1610612752,1610612754,NYK,IND,109,105,H
2024-02-01,2023-24,1610612762,1610612755,UTA,PHI,124,127,A
2024-02-01,2023-24,1610612763,1610612739,MEM,CLE,101,108,A
2024-02-02,2023-24,1610612737,1610612756,ATL,PHX,129,120,H
2024-02-02,2023-24,1610612743,1610612757,DEN,POR,120,108,H
2024-02-02,2023-24,1610612745,1610612761,HOU,TOR,135,106,H
2024-02-02,2023-24,1610612750,1610612753,MIN,ORL,106,108,A
2024-02-02,2023-24,1610612754,1610612758,IND,SAC,122,133,A
2024-02-02,2023-24,1610612759,1610612740,SAS,NOP,113,114,A
2024-02-02,2023-24,1610612760,1610612766,OKC,CHA,126,106,H
2024-02-02,2023-24,1610612763,1610612744,MEM,GSW,101,121,A
2024-02-02,2023-24,1610612764,1610612748,WAS,MIA,102,110,A
2024-02-02,2023-24,1610612765,1610612746,DET,LAC,125,136,A
2024-02-03,2023-24,1610612737,1610612744,ATL,GSW,141,134,H
2024-02-03,2023-24,1610612741,1610612758,CHI,SAC,115,123,A
2024-02-03,2023-24,1610612742,1610612749,DAL,MIL,117,129,A
2024-02-03,2023-24,1610612752,1610612747,NYK,LAL,105,113,A
2024-02-03,2023-24,1610612755,1610612751,PHI,BKN,121,136,A
2024-02-03,2023-24,1610612759,1610612739,SAS,CLE,101,117,A
2024-02-04,2023-24,1610612738,1610612763,BOS,MEM,131,91,H
2024-02-04,2023-24,1610612743,1610612757,DEN,POR,112,103,H
2024-02-04,2023-24,1610612748,1610612746,MIA,LAC,95,103,A
2024-02-04,2023-24,1610612750,1610612745,MIN,HOU,111,90,H
2024-02-04,2023-24,1610612760,1610612761,OKC,TOR,135,127,H
2024-02-04,2023-24,1610612762,1610612749,UTA,MIL,123,108,H
2024-02-04,2023-24,1610612764,1610612756,WAS,PHX,112,140,A
2024-02-04,2023-24,1610612765,1610612753,DET,ORL,99,111,A
2024-02-04,2023-24,1610612766,1610612754,CHA,IND,99,115,A
2024-02-05,2023-24,1610612737,1610612746,ATL,LAC,144,149,A
2024-02-05,2023-24,1610612739,1610612758,CLE,SAC,136,110,H
2024-02-05,2023-24,1610612740,1610612761,NOP,TOR,138,100,H
2024-02-05,2023-24,1610612751,1610612744,BKN,GSW,98,109,A
2024-02-05,2023-24,1610612755,1610612742,PHI,DAL,102,118,A
2024-02-05,2023-24,1610612766,1610612747,CHA,LAL,118,124,A
2024-02-06,2023-24,1610612741,1610612750,CHI,MIN,129,123,H
2024-02-06,2023-24,1610612748,1610612753,MIA,ORL,121,95,H
2024-02-06,2023-24,1610612751,1610612742,BKN,DAL,107,119,A
2024-02-06,2023-24,1610612752,1610612763,NYK,MEM,123,113,H
2024-02-06,2023-24,1610612754,1610612745,IND,HOU,132,129,H
2024-02-06,2023-24,1610612756,1610612749,PHX,MIL,114,106,H
2024-02-06,2023-24,1610612762,1610612760,UTA,OKC,124,117,H
2024-02-07,2023-24,1610612738,1610612737,BOS,ATL,125,117,H
2024-02-07,2023-24,1610612746,1610612740,LAC,NOP,106,117,A
2024-02-07,2023-24,1610612748,1610612759,MIA,SAS,116,104,H
2024-02-07,2023-24,1610612755,1610612744,PHI,GSW,104,127,A
2024-02-07,2023-24,1610612758,1610612765,SAC,DET,120,133,A
2024-02-07,2023-24,1610612764,1610612739,WAS,CLE,106,114,A
2024-02-07,2023-24,1610612766,1610612761,CHA,TOR,117,123,A
2024-02-08,2023-24,1610612747,1610612743,LAL,DEN,106,114,A
2024-02-08,2023-24,1610612749,1610612750,MIL,MIN,105,129,A
2024-02-08,2023-24,1610612751,1610612739,BKN,CLE,95,118,A
2024-02-08,2023-24,1610612752,1610612742,NYK,DAL,108,122,A
2024-02-08,2023-24,1610612753,1610612759,ORL,SAS,127,111,H
2024-02-08,2023-24,1610612754,1610612744,IND,GSW,109,131,A
2024-02-08,2023-24,1610612756,1610612762,PHX,UTA,129,115,H
2024-02-08,2023-24,1610612757,1610612765,POR,DET,122,128,A
2024-02-08,2023-24,1610612763,1610612741,MEM,CHI,110,118,A
2024-02-09,2023-24,1610612738,1610612764,BOS,WAS,133,129,H
2024-02-09,2023-24,1610612747,1610612740,LAL,NOP,139,122,H
2024-02-09,2023-24,1610612749,1610612766,MIL,CHA,120,84,H
2024-02-09,2023-24,1610612755,1610612737,PHI,ATL,121,127,A
2024-02-09,2023-24,1610612758,1610612743,SAC,DEN,135,106,H
2024-02-09,2023-24,1610612761,1610612745,TOR,HOU,107,104,H
2024-02-10,2023-24,1610612737,1610612745,ATL,HOU,122,113,H
2024-02-10,2023-24,1610612742,1610612760,DAL,OKC,146,111,H
2024-02-10,2023-24,1610612744,1610612756,GSW,PHX,113,112,H
2024-02-10,2023-24,1610612746,1610612765,LAC,DET,112,106,H
2024-02-10,2023-24,1610612751,1610612759,BKN,SAS,123,103,H
2024-02-10,2023-24,1610612752,1610612754,NYK,IND,111,125,A
2024-02-10,2023-24,1610612753,1610612741,ORL,CHI,114,108,H
2024-02-10,2023-24,1610612757,1610612740,POR,NOP,84,93,A
2024-02-10,2023-24,1610612761,1610612739,TOR,CLE,95,119,A
2024-02-10,2023-24,1610612764,1610612755,WAS,PHI,113,119,A
2024-02-10,2023-24,1610612766,1610612763,CHA,MEM,115,106,H
2024-02-11,2023-24,1610612748,1610612738,MIA,BOS,106,110,A
2024-02-11,2023-24,1610612760,1610612758,OKC,SAC,127,113,H
2024-02-12,2023-24,1610612737,1610612741,ATL,CHI,126,136,A
2024-02-12,2023-24,1610612739,1610612755,CLE,PHI,121,123,A
2024-02-12,2023-24,1610612742,1610612764,DAL,WAS,112,104,H
2024-02-12,2023-24,1610612745,1610612752,HOU,NYK,105,103,H
2024-02-12,2023-24,1610612746,1610612750,LAC,MIN,100,121,A
2024-02-12,2023-24,1610612749,1610612743,MIL,DEN,112,95,H
2024-02-12,2023-24,1610612761,1610612759,TOR,SAS,99,122,A
2024-02-12,2023-24,1610612762,1610612744,UTA,GSW,107,129,A
2024-02-12,2023-24,1610612763,1610612740,MEM,NOP,87,96,A
2024-02-12,2023-24,1610612766,1610612754,CHA,IND,111,102,H
2024-02-13,2023-24,1610612747,1610612765,LAL,DET,125,111,H
2024-02-13,2023-24,1610612749,1610612748,MIL,MIA,97,123,A
2024-02-13,2023-24,1610612751,1610612738,BKN,BOS,110,118,A
2024-02-13,2023-24,1610612753,1610612760,ORL,OKC,113,127,A
2024-02-13,2023-24,1610612756,1610612758,PHX,SAC,130,125,H
2024-02-13,2023-24,1610612757,1610612750,POR,MIN,109,121,A
2024-02-14,2023-24,1610612738,1610612751,BOS,BKN,136,86,H
2024-02-14,2023-24,1610612739,1610612741,CLE,CHI,108,105,H
2024-02-14,2023-24,1610612740,1610612764,NOP,WAS,133,126,H
2024-02-14,2023-24,1610612742,1610612759,DAL,SAS,116,93,H
2024-02-14,2023-24,1610612743,1610612758,DEN,SAC,98,102,A
2024-02-14,2023-24,1610612744,1610612746,GSW,LAC,125,130,A
2024-02-14,2023-24,1610612753,1610612752,ORL,NYK,118,100,H
2024-02-14,2023-24,1610612755,1610612748,PHI,MIA,104,109,A
2024-02-14,2023-24,1610612756,1610612765,PHX,DET,116,100,H
2024-02-14,2023-24,1610612761,1610612754,TOR,IND,125,127,A
2024-02-14,2023-24,1610612762,1610612747,UTA,LAL,122,138,A
2024-02-14,2023-24,1610612763,1610612745,MEM,HOU,121,113,H
2024-02-14,2023-24,1610612766,1610612737,CHA,ATL,122,99,H
2024-02-15,2023-24,1610612757,1610612750,POR,MIN,91,128,A
2024-02-15,2023-24,1610612762,1610612744,UTA,GSW,137,140,A
2024-02-15,2023-24,1610612763,1610612749,MEM,MIL,113,110,H
2024-02-22,2023-24,1610612739,1610612753,CLE,ORL,109,116,A
2024-02-22,2023-24,1610612740,1610612745,NOP,HOU,127,105,H
2024-02-22,2023-24,1610612741,1610612738,CHI,BOS,112,129,A
2024-02-22,2023-24,1610612742,1610612756,DAL,PHX,123,113,H
2024-02-22,2023-24,1610612743,1610612764,DEN,WAS,130,110,H
2024-02-22,2023-24,1610612744,1610612747,GSW,LAL,128,110,H
2024-02-22,2023-24,1610612754,1610612765,IND,DET,129,115,H
2024-02-22,2023-24,1610612755,1610612752,PHI,NYK,96,110,A
2024-02-22,2023-24,1610612758,1610612759,SAC,SAS,127,122,H
2024-02-22,2023-24,1610612760,1610612746,OKC,LAC,129,107,H
2024-02-22,2023-24,1610612761,1610612751,TOR,BKN,121,93,H
2024-02-22,2023-24,1610612762,1610612766,UTA,CHA,107,115,A
2024-02-23,2023-24,1610612737,1610612761,ATL,TOR,121,123,A
2024-02-23,2023-24,1610612740,1610612748,NOP,MIA,95,106,A
2024-02-23,2023-24,1610612744,1610612766,GSW,CHA,97,84,H
2024-02-23,2023-24,1610612745,1610612756,HOU,PHX,114,110,H
2024-02-23,2023-24,1610612747,1610612759,LAL,SAS,123,118,H
2024-02-23,2023-24,1610612750,1610612749,MIN,MIL,107,112,A
2024-02-23,2023-24,1610612755,1610612739,PHI,CLE,104,97,H
2024-02-23,2023-24,1610612757,1610612743,POR,DEN,112,127,A
2024-02-23,2023-24,1610612760,1610612764,OKC,WAS,147,106,H
2024-02-23,2023-24,1610612763,1610612746,MEM,LAC,95,101,A
2024-02-24,2023-24,1610612750,1610612751,MIN,BKN,101,86,H
2024-02-24,2023-24,1610612752,1610612738,NYK,BOS,102,116,A
2024-02-24,2023-24,1610612765,1610612753,DET,ORL,109,112,A
2024-02-25,2023-24,1610612737,1610612753,ATL,ORL,109,92,H
2024-02-25,2023-24,1610612740,1610612741,NOP,CHI,106,114,A
2024-02-25,2023-24,1610612744,1610612743,GSW,DEN,103,119,A
2024-02-25,2023-24,1610612745,1610612760,HOU,OKC,110,123,A
2024-02-25,2023-24,1610612746,1610612758,LAC,SAC,107,123,A
2024-02-25,2023-24,1610612754,1610612742,IND,DAL,133,111,H
2024-02-25,2023-24,1610612755,1610612749,PHI,MIL,98,119,A
2024-02-25,2023-24,1610612756,1610612747,PHX,LAL,123,113,H
2024-02-25,2023-24,1610612757,1610612766,POR,CHA,80,93,A
2024-02-25,2023-24,1610612762,1610612759,UTA,SAS,128,109,H
2024-02-25,2023-24,1610612764,1610612739,WAS,CLE,105,114,A
2024-02-26,2023-24,1610612752,1610612765,NYK,DET,113,111,H
2024-02-26,2023-24,1610612754,1610612761,IND,TOR,122,130,A
2024-02-26,2023-24,1610612758,1610612748,SAC,MIA,110,121,A
2024-02-26,2023-24,1610612763,1610612751,MEM,BKN,86,111,A
2024-02-27,2023-24,1610612737,1610612762,ATL,UTA,124,97,H
2024-02-27,2023-24,1610612738,1610612755,BOS,PHI,117,99,H
2024-02-27,2023-24,1610612739,1610612742,CLE,DAL,121,119,H
2024-02-27,2023-24,1610612741,1610612765,CHI,DET,95,105,A
2024-02-27,2023-24,1610612749,1610612766,MIL,CHA,123,85,H
2024-02-27,2023-24,1610612750,1610612759,MIN,SAS,114,105,H
2024-02-27,2023-24,1610612752,1610612740,NYK,NOP,92,115,A
2024-02-27,2023-24,1610612753,1610612751,ORL,BKN,108,81,H
2024-02-27,2023-24,1610612757,1610612748,POR,MIA,96,106,A
2024-02-27,2023-24,1610612760,1610612745,OKC,HOU,112,95,H
2024-02-27,2023-24,1610612764,1610612744,WAS,GSW,112,123,A
2024-02-28,2023-24,1610612741,1610612739,CHI,CLE,132,123,H
2024-02-28,2023-24,1610612743,1610612758,DEN,SAC,117,96,H
2024-02-28,2023-24,1610612746,1610612747,LAC,LAL,112,116,A
2024-02-28,2023-24,1610612750,1610612763,MIN,MEM,110,101,H
2024-02-28,2023-24,1610612754,1610612740,IND,NOP,123,114,H
2024-02-28,2023-24,1610612761,1610612742,TOR,DAL,125,136,A
2024-02-29,2023-24,1610612743,1610612748,DEN,MIA,103,97,H
2024-02-29,2023-24,1610612747,1610612764,LAL,WAS,134,131,H
2024-02-29,2023-24,1610612751,1610612737,BKN,ATL,124,97,H
2024-02-29,2023-24,1610612752,1610612744,NYK,GSW,99,110,A
2024-02-29,2023-24,1610612753,1610612762,ORL,UTA,115,107,H
2024-02-29,2023-24,1610612756,1610612745,PHX,HOU,110,105,H
2024-02-29,2023-24,1610612759,1610612760,SAS,OKC,132,118,H
2024-02-29,2023-24,1610612766,1610612749,CHA,MIL,99,111,A
2024-03-01,2023-24,1610612738,1610612742,BOS,DAL,138,110,H
2024-03-01,2023-24,1610612740,1610612754,NOP,IND,129,102,H
2024-03-01,2023-24,1610612741,1610612749,CHI,MIL,97,113,A
2024-03-01,2023-24,1610612746,1610612764,LAC,WAS,140,115,H
2024-03-01,2023-24,1610612750,1610612758,MIN,SAC,120,124,A
2024-03-01,2023-24,1610612755,1610612766,PHI,CHA,121,114,H
2024-03-01,2023-24,1610612761,1610612744,TOR,GSW,105,120,A
2024-03-01,2023-24,1610612763,1610612757,MEM,POR,92,122,A
2024-03-01,2023-24,1610612765,1610612739,DET,CLE,100,110,A
2024-03-02,2023-24,1610612747,1610612743,LAL,DEN,114,124,A
2024-03-02,2023-24,1610612748,1610612762,MIA,UTA,126,120,H
2024-03-02,2023-24,1610612751,1610612737,BKN,ATL,114,102,H
2024-03-02,2023-24,1610612756,1610612745,PHX,HOU,109,118,A
2024-03-02,2023-24,1610612763,1610612757,MEM,POR,100,107,A
2024-03-03,2023-24,1610612738,1610612744,BOS,GSW,140,88,H
2024-03-03,2023-24,1610612739,1610612752,CLE,NYK,98,107,A
2024-03-03,2023-24,1610612742,1610612755,DAL,PHI,116,120,A
2024-03-03,2023-24,1610612750,1610612746,MIN,LAC,88,89,A
2024-03-03,2023-24,1610612753,1610612765,ORL,DET,113,91,H
2024-03-03,2023-24,1610612756,1610612760,PHX,OKC,110,118,A
2024-03-03,2023-24,1610612759,1610612754,SAS,IND,117,105,H
2024-03-03,2023-24,1610612761,1610612766,TOR,CHA,111,106,H
2024-03-04,2023-24,1610612747,1610612760,LAL,OKC,116,104,H
2024-03-04,2023-24,1610612749,1610612746,MIL,LAC,113,106,H
2024-03-04,2023-24,1610612750,1610612757,MIN,POR,119,114,H
2024-03-04,2023-24,1610612751,1610612763,BKN,MEM,102,106,A
2024-03-04,2023-24,1610612758,1610612741,SAC,CHI,109,113,A
2024-03-04,2023-24,1610612762,1610612764,UTA,WAS,127,115,H
2024-03-05,2023-24,1610612739,1610612738,CLE,BOS,105,104,H
2024-03-05,2023-24,1610612742,1610612754,DAL,IND,120,137,A
2024-03-05,2023-24,1610612743,1610612756,DEN,PHX,107,117,A
2024-03-05,2023-24,1610612745,1610612759,HOU,SAS,114,101,H
2024-03-05,2023-24,1610612748,1610612765,MIA,DET,118,110,H
2024-03-05,2023-24,1610612751,1610612755,BKN,PHI,112,107,H
2024-03-05,2023-24,1610612752,1610612737,NYK,ATL,100,116,A
2024-03-05,2023-24,1610612761,1610612740,TOR,NOP,98,139,A
2024-03-05,2023-24,1610612766,1610612753,CHA,ORL,89,101,A
2024-03-06,2023-24,1610612737,1610612739,ATL,CLE,112,101,H
2024-03-06,2023-24,1610612744,1610612749,GSW,MIL,125,90,H
2024-03-06,2023-24,1610612745,1610612746,HOU,LAC,116,122,A
2024-03-06,2023-24,1610612747,1610612758,LAL,SAC,120,130,A
2024-03-06,2023-24,1610612755,1610612763,PHI,MEM,109,115,A
2024-03-06,2023-24,1610612757,1610612760,POR,OKC,120,128,A
2024-03-06,2023-24,1610612762,1610612741,UTA,CHI,117,119,A
2024-03-06,2023-24,1610612764,1610612753,WAS,ORL,109,119,A
2024-03-07,2023-24,1610612742,1610612748,DAL,MIA,114,108,H
2024-03-07,2023-24,1610612743,1610612738,DEN,BOS,115,109,H
2024-03-07,2023-24,1610612744,1610612741,GSW,CHI,122,125,A
2024-03-07,2023-24,1610612754,1610612750,IND,MIN,111,113,A
2024-03-07,2023-24,1610612756,1610612761,PHX,TOR,120,113,H
2024-03-07,2023-24,1610612758,1610612759,SAC,SAS,131,129,H
2024-03-07,2023-24,1610612765,1610612751,DET,BKN,118,112,H
2024-03-08,2023-24,1610612739,1610612750,CLE,MIN,113,104,H
2024-03-08,2023-24,1610612747,1610612749,LAL,MIL,123,122,H
2024-03-08,2023-24,1610612752,1610612753,NYK,ORL,98,74,H
2024-03-08,2023-24,1610612755,1610612740,PHI,NOP,95,103,A
2024-03-08,2023-24,1610612757,1610612745,POR,HOU,107,123,A
2024-03-08,2023-24,1610612760,1610612748,OKC,MIA,107,100,H
2024-03-08,2023-24,1610612763,1610612737,MEM,ATL,92,99,A
2024-03-08,2023-24,1610612764,1610612766,WAS,CHA,112,100,H
2024-03-09,2023-24,1610612743,1610612762,DEN,UTA,142,121,H
2024-03-09,2023-24,1610612744,1610612759,GSW,SAS,113,126,A
2024-03-09,2023-24,1610612746,1610612741,LAC,CHI,112,102,H
2024-03-09,2023-24,1610612756,1610612738,PHX,BOS,107,117,A
2024-03-09,2023-24,1610612757,1610612761,POR,TOR,128,118,H
2024-03-09,2023-24,1610612765,1610612742,DET,DAL,124,142,A
2024-03-09,2023-24,1610612766,1610612751,CHA,BKN,110,99,H
2024-03-10,2023-24,1610612737,1610612740,ATL,NOP,103,116,A
2024-03-10,2023-24,1610612739,1610612751,CLE,BKN,101,120,A
2024-03-10,2023-24,1610612746,1610612749,LAC,MIL,117,124,A
2024-03-10,2023-24,1610612747,1610612750,LAL,MIN,120,109,H
2024-03-10,2023-24,1610612748,1610612764,MIA,WAS,108,110,A
2024-03-10,2023-24,1610612752,1610612755,NYK,PHI,73,79,A
2024-03-10,2023-24,1610612753,1610612754,ORL,IND,97,111,A
2024-03-10,2023-24,1610612758,1610612745,SAC,HOU,104,112,A
2024-03-10,2023-24,1610612760,1610612763,OKC,MEM,124,93,H
2024-03-11,2023-24,1610612739,1610612756,CLE,PHX,111,117,A
2024-03-11,2023-24,1610612741,1610612742,CHI,DAL,92,127,A
2024-03-11,2023-24,1610612743,1610612761,DEN,TOR,125,119,H
2024-03-11,2023-24,1610612757,1610612738,POR,BOS,99,121,A
2024-03-11,2023-24,1610612759,1610612744,SAS,GSW,102,112,A
2024-03-11,2023-24,1610612765,1610612766,DET,CHA,114,97,H
2024-03-12,2023-24,1610612746,1610612750,LAC,MIN,100,118,A
2024-03-12,2023-24,1610612752,1610612755,NYK,PHI,106,79,H
2024-03-12,2023-24,1610612758,1610612749,SAC,MIL,129,94,H
2024-03-12,2023-24,1610612759,1610612745,SAS,HOU,101,103,A
2024-03-12,2023-24,1610612760,1610612754,OKC,IND,111,121,A
2024-03-12,2023-24,1610612762,1610612738,UTA,BOS,107,123,A
2024-03-12,2023-24,1610612763,1610612764,MEM,WAS,109,97,H
2024-03-13,2023-24,1610612740,1610612739,NOP,CLE,95,116,A
2024-03-13,2023-24,1610612742,1610612744,DAL,GSW,109,99,H
2024-03-13,2023-24,1610612748,1610612743,MIA,DEN,88,100,A
2024-03-13,2023-24,1610612753,1610612751,ORL,BKN,114,106,H
2024-03-13,2023-24,1610612754,1610612741,IND,CHI,129,132,A
2024-03-13,2023-24,1610612757,1610612737,POR,ATL,106,102,H
2024-03-13,2023-24,1610612758,1610612747,SAC,LAL,120,107,H
2024-03-13,2023-24,1610612763,1610612766,MEM,CHA,98,110,A
2024-03-13,2023-24,1610612765,1610612761,DET,TOR,113,104,H
2024-03-14,2023-24,1610612738,1610612756,BOS,PHX,127,112,H
2024-03-14,2023-24,1610612741,1610612746,CHI,LAC,111,126,A
2024-03-14,2023-24,1610612745,1610612764,HOU,WAS,135,119,H
2024-03-14,2023-24,1610612749,1610612755,MIL,PHI,114,105,H
2024-03-14,2023-24,1610612757,1610612752,POR,NYK,93,105,A
2024-03-14,2023-24,1610612760,1610612742,OKC,DAL,126,119,H
2024-03-15,2023-24,1610612740,1610612746,NOP,LAC,112,104,H
2024-03-15,2023-24,1610612759,1610612743,SAS,DEN,106,117,A
2024-03-15,2023-24,1610612761,1610612753,TOR,ORL,103,113,A
2024-03-15,2023-24,1610612762,1610612737,UTA,ATL,124,122,H
2024-03-15,2023-24,1610612765,1610612748,DET,MIA,95,108,A
2024-03-15,2023-24,1610612766,1610612756,CHA,PHX,96,107,A
2024-03-16,2023-24,1610612740,1610612757,NOP,POR,126,107,H
2024-03-16,2023-24,1610612741,1610612764,CHI,WAS,127,98,H
2024-03-16,2023-24,1610612745,1610612739,HOU,CLE,117,103,H
2024-03-16,2023-24,1610612747,1610612744,LAL,GSW,121,128,A
2024-03-16,2023-24,1610612754,1610612751,IND,BKN,121,100,H
2024-03-16,2023-24,1610612755,1610612766,PHI,CHA,109,98,H
2024-03-16,2023-24,1610612758,1610612752,SAC,NYK,91,98,A
2024-03-16,2023-24,1610612762,1610612750,UTA,MIN,100,119,A
2024-03-16,2023-24,1610612763,1610612760,MEM,OKC,112,118,A
2024-03-17,2023-24,1610612742,1610612743,DAL,DEN,107,105,H
2024-03-17,2023-24,1610612746,1610612737,LAC,ATL,93,110,A
2024-03-17,2023-24,1610612749,1610612756,MIL,PHX,140,129,H
2024-03-17,2023-24,1610612753,1610612761,ORL,TOR,111,96,H
2024-03-17,2023-24,1610612759,1610612751,SAS,BKN,122,115,H
2024-03-17,2023-24,1610612764,1610612738,WAS,BOS,104,130,A
2024-03-17,2023-24,1610612765,1610612748,DET,MIA,101,104,A
2024-03-18,2023-24,1610612738,1610612765,BOS,DET,119,94,H
2024-03-18,2023-24,1610612741,1610612757,CHI,POR,110,107,H
2024-03-18,2023-24,1610612744,1610612752,GSW,NYK,112,119,A
2024-03-18,2023-24,1610612747,1610612737,LAL,ATL,136,105,H
2024-03-18,2023-24,1610612754,1610612739,IND,CLE,103,108,A
2024-03-18,2023-24,1610612755,1610612748,PHI,MIA,98,91,H
2024-03-18,2023-24,1610612758,1610612763,SAC,MEM,121,111,H
2024-03-18,2023-24,1610612762,1610612750,UTA,MIN,104,114,A
2024-03-19,2023-24,1610612750,1610612743,MIN,DEN,112,115,A
2024-03-19,2023-24,1610612751,1610612740,BKN,NOP,91,104,A
2024-03-19,2023-24,1610612753,1610612766,ORL,CHA,112,92,H
2024-03-19,2023-24,1610612759,1610612742,SAS,DAL,107,113,A
2024-03-19,2023-24,1610612764,1610612745,WAS,HOU,114,137,A
2024-03-20,2023-24,1610612738,1610612749,BOS,MIL,122,119,H
2024-03-20,2023-24,1610612739,1610612748,CLE,MIA,104,107,A
2024-03-20,2023-24,1610612744,1610612763,GSW,MEM,137,116,H
2024-03-20,2023-24,1610612756,1610612755,PHX,PHI,115,102,H
2024-03-20,2023-24,1610612757,1610612746,POR,LAC,103,116,A
2024-03-20,2023-24,1610612760,1610612762,OKC,UTA,119,107,H
2024-03-20,2023-24,1610612761,1610612758,TOR,SAC,89,123,A
2024-03-20,2023-24,1610612765,1610612754,DET,IND,103,122,A
2024-03-21,2023-24,1610612742,1610612762,DAL,UTA,113,97,H
2024-03-21,2023-24,1610612743,1610612752,DEN,NYK,113,100,H
2024-03-21,2023-24,1610612745,1610612741,HOU,CHI,127,117,H
2024-03-21,2023-24,1610612749,1610612751,MIL,BKN,115,108,H
2024-03-21,2023-24,1610612753,1610612740,ORL,NOP,121,106,H
2024-03-21,2023-24,1610612756,1610612737,PHX,ATL,128,115,H
2024-03-21,2023-24,1610612764,1610612758,WAS,SAC,109,102,H
2024-03-22,2023-24,1610612744,1610612754,GSW,IND,111,123,A
2024-03-22,2023-24,1610612747,1610612755,LAL,PHI,101,94,H
2024-03-22,2023-24,1610612748,1610612740,MIA,NOP,88,111,A
2024-03-22,2023-24,1610612750,1610612739,MIN,CLE,104,91,H
2024-03-22,2023-24,1610612757,1610612746,POR,LAC,117,125,A
2024-03-22,2023-24,1610612759,1610612763,SAS,MEM,97,99,A
2024-03-22,2023-24,1610612761,1610612760,TOR,OKC,103,123,A
2024-03-22,2023-24,1610612765,1610612738,DET,BOS,102,129,A
2024-03-23,2023-24,1610612737,1610612766,ATL,CHA,132,91,H
2024-03-23,2023-24,1610612741,1610612738,CHI,BOS,113,124,A
2024-03-23,2023-24,1610612745,1610612762,HOU,UTA,147,119,H
2024-03-23,2023-24,1610612752,1610612751,NYK,BKN,105,93,H
2024-03-23,2023-24,1610612753,1610612758,ORL,SAC,107,109,A
2024-03-23,2023-24,1610612757,1610612743,POR,DEN,111,114,A
2024-03-23,2023-24,1610612759,1610612756,SAS,PHX,106,131,A
2024-03-23,2023-24,1610612764,1610612761,WAS,TOR,112,109,H
2024-03-24,2023-24,1610612746,1610612755,LAC,PHI,107,121,A
2024-03-24,2023-24,1610612747,1610612754,LAL,IND,150,145,H
2024-03-24,2023-24,1610612748,1610612739,MIA,CLE,121,84,H
2024-03-24,2023-24,1610612749,1610612760,MIL,OKC,118,93,H
2024-03-24,2023-24,1610612750,1610612744,MIN,GSW,114,110,H
2024-03-24,2023-24,1610612765,1610612740,DET,NOP,101,114,A
2024-03-25,2023-24,1610612737,1610612738,ATL,BOS,120,118,H
2024-03-25,2023-24,1610612739,1610612766,CLE,CHA,115,92,H
2024-03-25,2023-24,1610612741,1610612764,CHI,WAS,105,107,A
2024-03-25,2023-24,1610612743,1610612763,DEN,MEM,128,103,H
2024-03-25,2023-24,1610612745,1610612757,HOU,POR,110,92,H
2024-03-25,2023-24,1610612746,1610612754,LAC,IND,116,133,A
2024-03-25,2023-24,1610612752,1610612765,NYK,DET,124,99,H
2024-03-25,2023-24,1610612758,1610612755,SAC,PHI,108,96,H
2024-03-25,2023-24,1610612759,1610612756,SAS,PHX,104,102,H
2024-03-25,2023-24,1610612761,1610612751,TOR,BKN,88,96,A
2024-03-25,2023-24,1610612762,1610612742,UTA,DAL,105,115,A
2024-03-26,2023-24,1610612740,1610612760,NOP,OKC,112,119,A
2024-03-26,2023-24,1610612748,1610612744,MIA,GSW,92,113,A
2024-03-26,2023-24,1610612749,1610612747,MIL,LAL,124,128,A
2024-03-26,2023-24,1610612758,1610612742,SAC,DAL,96,132,A
2024-03-27,2023-24,1610612737,1610612757,ATL,POR,120,106,H
2024-03-27,2023-24,1610612741,1610612754,CHI,IND,125,99,H
2024-03-27,2023-24,1610612743,1610612756,DEN,PHX,97,104,A
2024-03-27,2023-24,1610612750,1610612765,MIN,DET,106,91,H
2024-03-27,2023-24,1610612753,1610612744,ORL,GSW,93,101,A
2024-03-27,2023-24,1610612755,1610612746,PHI,LAC,107,108,A
2024-03-27,2023-24,1610612760,1610612745,OKC,HOU,126,132,A
2024-03-27,2023-24,1610612761,1610612752,TOR,NYK,101,145,A
2024-03-27,2023-24,1610612762,1610612759,UTA,SAS,111,118,A
2024-03-27,2023-24,1610612763,1610612747,MEM,LAL,124,136,A
2024-03-27,2023-24,1610612764,1610612751,WAS,BKN,119,122,A
2024-03-27,2023-24,1610612766,1610612739,CHA,CLE,118,111,H
2024-03-28,2023-24,1610612737,1610612738,ATL,BOS,123,122,H
2024-03-28,2023-24,1610612740,1610612749,NOP,MIL,107,100,H
2024-03-29,2023-24,1610612739,1610612755,CLE,PHI,117,114,H
2024-03-29,2023-24,1610612743,1610612750,DEN,MIN,98,111,A
2024-03-29,2023-24,1610612748,1610612757,MIA,POR,142,82,H
2024-03-29,2023-24,1610612751,1610612741,BKN,CHI,125,108,H
2024-03-29,2023-24,1610612753,1610612746,ORL,LAC,97,100,A
2024-03-29,2023-24,1610612754,1610612747,IND,LAL,109,90,H
2024-03-29,2023-24,1610612758,1610612742,SAC,DAL,103,107,A
2024-03-29,2023-24,1610612759,1610612752,SAS,NYK,130,126,H
2024-03-29,2023-24,1610612760,1610612756,OKC,PHX,128,103,H
2024-03-29,2023-24,1610612762,1610612745,UTA,HOU,100,101,A
2024-03-29,2023-24,1610612764,1610612765,WAS,DET,87,96,A
2024-03-29,2023-24,1610612766,1610612744,CHA,GSW,97,115,A
2024-03-30,2023-24,1610612737,1610612749,ATL,MIL,113,122,A
2024-03-30,2023-24,1610612740,1610612738,NOP,BOS,92,104,A
2024-03-30,2023-24,1610612753,1610612763,ORL,MEM,118,88,H
2024-03-31,2023-24,1610612743,1610612739,DEN,CLE,130,101,H
2024-03-31,2023-24,1610612745,1610612742,HOU,DAL,107,125,A
2024-03-31,2023-24,1610612750,1610612741,MIN,CHI,101,109,A
2024-03-31,2023-24,1610612751,1610612747,BKN,LAL,104,116,A
2024-03-31,2023-24,1610612752,1610612760,NYK,OKC,112,113,A
2024-03-31,2023-24,1610612758,1610612762,SAC,UTA,127,106,H
2024-03-31,2023-24,1610612759,1610612744,SAS,GSW,113,117,A
2024-03-31,2023-24,1610612761,1610612755,TOR,PHI,120,135,A
2024-03-31,2023-24,1610612764,1610612748,WAS,MIA,107,119,A
2024-03-31,2023-24,1610612766,1610612746,CHA,LAC,118,130,A
2024-04-01,2023-24,1610612740,1610612756,NOP,PHX,111,124,A
2024-04-01,2023-24,1610612741,1610612737,CHI,ATL,101,113,A
2024-04-01,2023-24,1610612753,1610612757,ORL,POR,104,103,H
2024-04-01,2023-24,1610612754,1610612751,IND,BKN,133,111,H
2024-04-01,2023-24,1610612765,1610612763,DET,MEM,108,110,A
2024-04-01,2023-24,1610612766,1610612738,CHA,BOS,104,118,A
2024-04-02,2023-24,1610612743,1610612759,DEN,SAS,110,105,H
2024-04-02,2023-24,1610612744,1610612742,GSW,DAL,104,100,H
2024-04-02,2023-24,1610612748,1610612752,MIA,NYK,109,99,H
2024-04-02,2023-24,1610612750,1610612745,MIN,HOU,113,106,H
2024-04-02,2023-24,1610612755,1610612760,PHI,OKC,109,105,H
2024-04-02,2023-24,1610612758,1610612746,SAC,LAC,109,95,H
2024-04-02,2023-24,1610612761,1610612747,TOR,LAL,111,128,A
2024-04-02,2023-24,1610612762,1610612739,UTA,CLE,113,129,A
2024-04-02,2023-24,1610612764,1610612749,WAS,MIL,117,113,H
2024-04-03,2023-24,1610612737,1610612765,ATL,DET,121,113,H
2024-04-03,2023-24,1610612738,1610612760,BOS,OKC,135,100,H
2024-04-03,2023-24,1610612740,1610612753,NOP,ORL,108,117,A
2024-04-03,2023-24,1610612749,1610612763,MIL,MEM,101,111,A
2024-04-03,2023-24,1610612750,1610612761,MIN,TOR,133,85,H
2024-04-03,2023-24,1610612751,1610612754,BKN,IND,115,111,H
2024-04-03,2023-24,1610612756,1610612739,PHX,CLE,122,101,H
2024-04-03,2023-24,1610612764,1610612747,WAS,LAL,120,125,A
2024-04-03,2023-24,1610612766,1610612757,CHA,POR,86,89,A
2024-04-04,2023-24,1610612742,1610612737,DAL,ATL,109,95,H
2024-04-04,2023-24,1610612745,1610612744,HOU,GSW,110,133,A
2024-04-04,2023-24,1610612746,1610612743,LAC,DEN,102,100,H
2024-04-04,2023-24,1610612748,1610612755,MIA,PHI,105,109,A
2024-04-04,2023-24,1610612752,1610612758,NYK,SAC,120,109,H
2024-04-05,2023-24,1610612738,1610612758,BOS,SAC,101,100,H
2024-04-05,2023-24,1610612740,1610612759,NOP,SAS,109,111,A
2024-04-05,2023-24,1610612741,1610612752,CHI,NYK,108,100,H
2024-04-05,2023-24,1610612742,1610612744,DAL,GSW,108,106,H
2024-04-05,2023-24,1610612745,1610612748,HOU,MIA,104,119,A
2024-04-05,2023-24,1610612746,1610612762,LAC,UTA,131,102,H
2024-04-05,2023-24,1610612749,1610612761,MIL,TOR,111,117,A
2024-04-05,2023-24,1610612754,1610612760,IND,OKC,126,112,H
2024-04-05,2023-24,1610612756,1610612750,PHX,MIN,97,87,H
2024-04-05,2023-24,1610612763,1610612765,MEM,DET,108,90,H
2024-04-05,2023-24,1610612764,1610612757,WAS,POR,102,108,A
2024-04-05,2023-24,1610612766,1610612753,CHA,ORL,124,115,H
2024-04-06,2023-24,1610612743,1610612737,DEN,ATL,142,110,H
2024-04-06,2023-24,1610612747,1610612739,LAL,CLE,116,97,H
2024-04-06,2023-24,1610612751,1610612765,BKN,DET,113,103,H
2024-04-06,2023-24,1610612763,1610612755,MEM,PHI,96,116,A
2024-04-07,2023-24,1610612738,1610612757,BOS,POR,124,107,H
2024-04-07,2023-24,1610612742,1610612745,DAL,HOU,147,136,H
2024-04-07,2023-24,1610612744,1610612762,GSW,UTA,118,110,H
2024-04-07,2023-24,1610612746,1610612739,LAC,CLE,120,118,H
2024-04-07,2023-24,1610612747,1610612750,LAL,MIN,117,127,A
2024-04-07,2023-24,1610612749,1610612752,MIL,NYK,109,122,A
2024-04-07,2023-24,1610612751,1610612758,BKN,SAC,77,107,A
2024-04-07,2023-24,1610612753,1610612741,ORL,CHI,113,98,H
2024-04-07,2023-24,1610612754,1610612748,IND,MIA,117,115,H
2024-04-07,2023-24,1610612756,1610612740,PHX,NOP,105,113,A
2024-04-07,2023-24,1610612759,1610612755,SAS,PHI,126,133,A
2024-04-07,2023-24,1610612761,1610612764,TOR,WAS,130,122,H
2024-04-07,2023-24,1610612766,1610612760,CHA,OKC,118,121,A
2024-04-09,2023-24,1610612737,1610612748,ATL,MIA,111,117,A
2024-04-09,2023-24,1610612741,1610612752,CHI,NYK,117,128,A
2024-04-09,2023-24,1610612745,1610612753,HOU,ORL,118,106,H
2024-04-09,2023-24,1610612747,1610612744,LAL,GSW,120,134,A
2024-04-09,2023-24,1610612749,1610612738,MIL,BOS,104,91,H
2024-04-09,2023-24,1610612750,1610612764,MIN,WAS,130,121,H
2024-04-09,2023-24,1610612755,1610612765,PHI,DET,120,102,H
2024-04-09,2023-24,1610612756,1610612746,PHX,LAC,92,105,A
2024-04-09,2023-24,1610612757,1610612740,POR,NOP,100,110,A
2024-04-09,2023-24,1610612760,1610612758,OKC,SAC,112,105,H
2024-04-09,2023-24,1610612761,1610612754,TOR,IND,123,140,A
2024-04-09,2023-24,1610612762,1610612743,UTA,DEN,95,111,A
2024-04-09,2023-24,1610612763,1610612759,MEM,SAS,87,102,A
2024-04-09,2023-24,1610612766,1610612742,CHA,DAL,104,130,A
2024-04-10,2023-24,1610612737,1610612766,ATL,CHA,114,115,A
2024-04-10,2023-24,1610612739,1610612763,CLE,MEM,110,98,H
2024-04-10,2023-24,1610612743,1610612750,DEN,MIN,116,107,H
2024-04-10,2023-24,1610612746,1610612756,LAC,PHX,108,124,A
2024-04-10,2023-24,1610612748,1610612742,MIA,DAL,92,111,A
2024-04-10,2023-24,1610612749,1610612753,MIL,ORL,117,99,H
2024-04-10,2023-24,1610612751,1610612761,BKN,TOR,106,102,H
2024-04-10,2023-24,1610612760,1610612759,OKC,SAS,127,89,H
2024-04-11,2023-24,1610612738,1610612752,BOS,NYK,109,118,A
2024-04-11,2023-24,1610612757,1610612744,POR,GSW,92,100,A
2024-04-11,2023-24,1610612758,1610612740,SAC,NOP,123,135,A
2024-04-11,2023-24,1610612762,1610612745,UTA,HOU,124,121,H
2024-04-11,2023-24,1610612765,1610612741,DET,CHI,105,127,A
2024-04-12,2023-24,1610612738,1610612766,BOS,CHA,131,98,H
2024-04-12,2023-24,1610612739,1610612754,CLE,IND,129,120,H
2024-04-12,2023-24,1610612742,1610612765,DAL,DET,89,107,A
2024-04-12,2023-24,1610612744,1610612740,GSW,NOP,109,114,A
2024-04-12,2023-24,1610612746,1610612762,LAC,UTA,109,110,A
2024-04-12,2023-24,1610612748,1610612761,MIA,TOR,125,103,H
2024-04-12,2023-24,1610612750,1610612737,MIN,ATL,109,106,H
2024-04-12,2023-24,1610612752,1610612751,NYK,BKN,111,107,H
2024-04-12,2023-24,1610612755,1610612753,PHI,ORL,125,113,H
2024-04-12,2023-24,1610612757,1610612745,POR,HOU,107,116,A
2024-04-12,2023-24,1610612758,1610612756,SAC,PHX,107,108,A
2024-04-12,2023-24,1610612759,1610612743,SAS,DEN,121,120,H
2024-04-12,2023-24,1610612760,1610612749,OKC,MIL,125,107,H
2024-04-12,2023-24,1610612763,1610612747,MEM,LAL,120,123,A
2024-04-12,2023-24,1610612764,1610612741,WAS,CHI,127,129,A
2024-04-14,2023-24,1610612738,1610612764,BOS,WAS,132,122,H
2024-04-14,2023-24,1610612739,1610612766,CLE,CHA,110,120,A
2024-04-14,2023-24,1610612740,1610612747,NOP,LAL,108,124,A
2024-04-14,2023-24,1610612744,1610612762,GSW,UTA,123,116,H
2024-04-14,2023-24,1610612746,1610612745,LAC,HOU,105,116,A
2024-04-14,2023-24,1610612748,1610612761,MIA,TOR,118,103,H
2024-04-14,2023-24,1610612750,1610612756,MIN,PHX,106,125,A
2024-04-14,2023-24,1610612752,1610612741,NYK,CHI,120,119,H
2024-04-14,2023-24,1610612753,1610612749,ORL,MIL,113,88,H
2024-04-14,2023-24,1610612754,1610612737,IND,ATL,157,115,H
2024-04-14,2023-24,1610612755,1610612751,PHI,BKN,107,86,H
2024-04-14,2023-24,1610612758,1610612757,SAC,POR,121,82,H
2024-04-14,2023-24,1610612759,1610612765,SAS,DET,123,95,H
2024-04-14,2023-24,1610612760,1610612742,OKC,DAL,135,86,H
2024-04-14,2023-24,1610612763,1610612743,MEM,DEN,111,126,A
2024-10-22,2024-25,1610612738,1610612752,BOS,NYK,132,109,H
2024-10-22,2024-25,1610612747,1610612750,LAL,MIN,110,103,H
2024-10-23,2024-25,1610612737,1610612751,ATL,BKN,120,116,H
2024-10-23,2024-25,1610612740,1610612741,NOP,CHI,123,111,H
2024-10-23,2024-25,1610612745,1610612766,HOU,CHA,105,110,A
2024-10-23,2024-25,1610612746,1610612756,LAC,PHX,113,116,A
2024-10-23,2024-25,1610612748,1610612753,MIA,ORL,97,116,A
2024-10-23,2024-25,1610612755,1610612749,PHI,MIL,109,124,A
2024-10-23,2024-25,1610612757,1610612744,POR,GSW,104,140,A
2024-10-23,2024-25,1610612761,1610612739,TOR,CLE,106,136,A
2024-10-23,2024-25,1610612762,1610612763,UTA,MEM,124,126,A
2024-10-23,2024-25,1610612765,1610612754,DET,IND,109,115,A
2024-10-24,2024-25,1610612742,1610612759,DAL,SAS,120,109,H
2024-10-24,2024-25,1610612743,1610612760,DEN,OKC,87,102,A
2024-10-24,2024-25,1610612758,1610612750,SAC,MIN,115,117,A
2024-10-24,2024-25,1610612764,1610612738,WAS,BOS,102,122,A
2024-10-25,2024-25,1610612737,1610612766,ATL,CHA,125,120,H
2024-10-25,2024-25,1610612739,1610612765,CLE,DET,113,101,H
2024-10-25,2024-25,1610612745,1610612763,HOU,MEM,128,108,H
2024-10-25,2024-25,1610612747,1610612756,LAL,PHX,123,116,H
2024-10-25,2024-25,1610612749,1610612741,MIL,CHI,122,133,A
2024-10-25,2024-25,1610612752,1610612754,NYK,IND,123,98,H
2024-10-25,2024-25,1610612753,1610612751,ORL,BKN,116,101,H
2024-10-25,2024-25,1610612757,1610612740,POR,NOP,103,105,A
2024-10-25,2024-25,1610612761,1610612755,TOR,PHI,115,107,H
2024-10-25,2024-25,1610612762,1610612744,UTA,GSW,86,127,A
2024-10-26,2024-25,1610612741,1610612760,CHI,OKC,95,114,A
2024-10-26,2024-25,1610612743,1610612746,DEN,LAC,104,109,A
2024-10-26,2024-25,1610612747,1610612758,LAL,SAC,131,127,H
2024-10-26,2024-25,1610612750,1610612761,MIN,TOR,112,101,H
2024-10-26,2024-25,1610612756,1610612742,PHX,DAL,114,102,H
2024-10-26,2024-25,1610612759,1610612745,SAS,HOU,109,106,H
2024-10-26,2024-25,1610612763,1610612753,MEM,ORL,124,111,H
2024-10-26,2024-25,1610612764,1610612739,WAS,CLE,116,135,A
2024-10-26,2024-25,1610612765,1610612738,DET,BOS,118,124,A
2024-10-26,2024-25,1610612766,1610612748,CHA,MIA,106,114,A
2024-10-27,2024-25,1610612744,1610612746,GSW,LAC,104,112,A
2024-10-27,2024-25,1610612751,1610612749,BKN,MIL,115,102,H
2024-10-27,2024-25,1610612754,1610612755,IND,PHI,114,118,A
2024-10-27,2024-25,1610612757,1610612740,POR,NOP,125,103,H
2024-10-27,2024-25,1610612760,1610612737,OKC,ATL,128,104,H
2024-10-28,2024-25,1610612737,1610612764,ATL,WAS,119,121,A
2024-10-28,2024-25,1610612738,1610612749,BOS,MIL,119,108,H
2024-10-28,2024-25,1610612742,1610612762,DAL,UTA,110,102,H
2024-10-28,2024-25,1610612748,1610612765,MIA,DET,106,98,H
2024-10-28,2024-25,1610612752,1610612739,NYK,CLE,104,110,A
2024-10-28,2024-25,1610612753,1610612754,ORL,IND,119,115,H
2024-10-28,2024-25,1610612756,1610612747,PHX,LAL,109,105,H
2024-10-28,2024-25,1610612758,1610612757,SAC,POR,111,98,H
2024-10-28,2024-25,1610612759,1610612745,SAS,HOU,101,106,A
2024-10-28,2024-25,1610612761,1610612743,TOR,DEN,125,127,A
2024-10-28,2024-25,1610612763,1610612741,MEM,CHI,123,126,A
2024-10-29,2024-25,1610612744,1610612740,GSW,NOP,124,106,H
2024-10-29,2024-25,1610612750,1610612742,MIN,DAL,114,120,A
2024-10-29,2024-25,1610612751,1610612743,BKN,DEN,139,144,A
2024-10-29,2024-25,1610612762,1610612758,UTA,SAC,96,113,A
2024-10-30,2024-25,1610612739,1610612747,CLE,LAL,134,110,H
2024-10-30,2024-25,1610612741,1610612753,CHI,ORL,102,99,H
2024-10-30,2024-25,1610612744,1610612740,GSW,NOP,104,89,H
2024-10-30,2024-25,1610612746,1610612757,LAC,POR,105,106,A
2024-10-30,2024-25,1610612748,1610612752,MIA,NYK,107,116,A
2024-10-30,2024-25,1610612754,1610612738,IND,BOS,135,132,H
2024-10-30,2024-25,1610612755,1610612765,PHI,DET,95,105,A
2024-10-30,2024-25,1610612760,1610612759,OKC,SAS,105,93,H
2024-10-30,2024-25,1610612763,1610612751,MEM,BKN,106,119,A
2024-10-30,2024-25,1610612764,1610612737,WAS,ATL,133,120,H
2024-10-30,2024-25,1610612766,1610612761,CHA,TOR,138,133,H
2024-10-31,2024-25,1610612742,1610612745,DAL,HOU,102,108,A
2024-10-31,2024-25,1610612746,1610612756,LAC,PHX,119,125,A
2024-10-31,2024-25,1610612762,1610612759,UTA,SAS,88,106,A
2024-10-31,2024-25,1610612763,1610612749,MEM,MIL,122,99,H
2024-11-01,2024-25,1610612737,1610612758,ATL,SAC,115,123,A
2024-11-01,2024-25,1610612739,1610612753,CLE,ORL,120,109,H
2024-11-01,2024-25,1610612740,1610612754,NOP,IND,125,118,H
2024-11-01,2024-25,1610612750,1610612743,MIN,DEN,119,116,H
2024-11-01,2024-25,1610612751,1610612741,BKN,CHI,120,112,H
2024-11-01,2024-25,1610612757,1610612760,POR,OKC,114,137,A
2024-11-01,2024-25,1610612761,1610612747,TOR,LAL,125,131,A
2024-11-01,2024-25,1610612765,1610612752,DET,NYK,98,128,A
2024-11-01,2024-25,1610612766,1610612738,CHA,BOS,109,124,A
2024-11-02,2024-25,1610612743,1610612762,DEN,UTA,129,103,H
2024-11-02,2024-25,1610612745,1610612744,HOU,GSW,121,127,A
2024-11-02,2024-25,1610612746,1610612760,LAC,OKC,92,105,A
2024-11-02,2024-25,1610612749,1610612739,MIL,CLE,113,114,A
2024-11-02,2024-25,1610612755,1610612763,PHI,MEM,107,124,A
2024-11-02,2024-25,1610612756,1610612757,PHX,POR,103,97,H
2024-11-02,2024-25,1610612759,1610612750,SAS,MIN,113,103,H
2024-11-02,2024-25,1610612761,1610612758,TOR,SAC,131,128,H
2024-11-02,2024-25,1610612764,1610612748,WAS,MIA,98,118,A
2024-11-02,2024-25,1610612766,1610612738,CHA,BOS,103,113,A
2024-11-03,2024-25,1610612740,1610612737,NOP,ATL,111,126,A
2024-11-03,2024-25,1610612742,1610612753,DAL,ORL,108,85,H
2024-11-03,2024-25,1610612751,1610612765,BKN,DET,92,106,A
2024-11-04,2024-25,1610612737,1610612738,ATL,BOS,93,123,A
2024-11-04,2024-25,1610612739,1610612749,CLE,MIL,116,114,H
2024-11-04,2024-25,1610612740,1610612757,NOP,POR,100,118,A
2024-11-04,2024-25,1610612741,1610612762,CHI,UTA,126,135,A
2024-11-04,2024-25,1610612742,1610612754,DAL,IND,127,134,A
2024-11-04,2024-25,1610612743,1610612761,DEN,TOR,121,119,H
2024-11-04,2024-25,1610612745,1610612752,HOU,NYK,109,97,H
2024-11-04,2024-25,1610612746,1610612759,LAC,SAS,113,104,H
2024-11-04,2024-25,1610612748,1610612758,MIA,SAC,110,111,A
2024-11-04,2024-25,1610612750,1610612766,MIN,CHA,114,93,H
2024-11-04,2024-25,1610612751,1610612763,BKN,MEM,106,104,H
2024-11-04,2024-25,1610612756,1610612755,PHX,PHI,118,116,H
2024-11-04,2024-25,1610612760,1610612753,OKC,ORL,102,86,H
2024-11-04,2024-25,1610612764,1610612744,WAS,GSW,112,125,A
2024-11-04,2024-25,1610612765,1610612747,DET,LAL,115,103,H
2024-11-06,2024-25,1610612737,1610612752,ATL,NYK,121,116,H
2024-11-06,2024-25,1610612738,1610612744,BOS,GSW,112,118,A
2024-11-06,2024-25,1610612740,1610612739,NOP,CLE,122,131,A
2024-11-06,2024-25,1610612742,1610612741,DAL,CHI,119,99,H
2024-11-06,2024-25,1610612743,1610612760,DEN,OKC,124,122,H
2024-11-06,2024-25,1610612745,1610612759,HOU,SAS,127,100,H
2024-11-06,2024-25,1610612746,1610612755,LAC,PHI,110,98,H
2024-11-06,2024-25,1610612754,1610612753,IND,ORL,118,111,H
2024-11-06,2024-25,1610612756,1610612748,PHX,MIA,115,112,H
2024-11-06,2024-25,1610612758,1610612761,SAC,TOR,122,107,H
2024-11-06,2024-25,1610612763,1610612747,MEM,LAL,131,114,H
2024-11-06,2024-25,1610612766,1610612765,CHA,DET,108,107,H
2024-11-07,2024-25,1610612741,1610612750,CHI,MIN,119,135,A
2024-11-07,2024-25,1610612749,1610612762,MIL,UTA,123,100,H
2024-11-07,2024-25,1610612759,1610612757,SAS,POR,118,105,H
2024-11-08,2024-25,1610612738,1610612751,BOS,BKN,108,104,H
2024-11-08,2024-25,1610612739,1610612744,CLE,GSW,136,117,H
2024-11-08,2024-25,1610612742,1610612756,DAL,PHX,113,114,A
2024-11-08,2024-25,1610612743,1610612748,DEN,MIA,135,122,H
2024-11-08,2024-25,1610612747,1610612755,LAL,PHI,116,106,H
2024-11-08,2024-25,1610612750,1610612757,MIN,POR,127,102,H
2024-11-08,2024-25,1610612752,1610612749,NYK,MIL,116,94,H
2024-11-08,2024-25,1610612753,1610612740,ORL,NOP,115,88,H
2024-11-08,2024-25,1610612758,1610612746,SAC,LAC,98,107,A
2024-11-08,2024-25,1610612760,1610612745,OKC,HOU,126,107,H
2024-11-08,2024-25,1610612763,1610612764,MEM,WAS,128,104,H
2024-11-08,2024-25,1610612765,1610612737,DET,ATL,122,121,H
2024-11-08,2024-25,1610612766,1610612754,CHA,IND,103,83,H
2024-11-09,2024-25,1610612737,1610612741,ATL,CHI,113,125,A
2024-11-09,2024-25,1610612739,1610612751,CLE,BKN,105,100,H
2024-11-09,2024-25,1610612746,1610612761,LAC,TOR,105,103,H
2024-11-09,2024-25,1610612759,1610612762,SAS,UTA,110,111,A
2024-11-10,2024-25,1610612743,1610612742,DEN,DAL,122,120,H
2024-11-10,2024-25,1610612747,1610612761,LAL,TOR,123,103,H
2024-11-10,2024-25,1610612749,1610612738,MIL,BOS,107,113,A
2024-11-10,2024-25,1610612750,1610612748,MIN,MIA,94,95,A
2024-11-10,2024-25,1610612753,1610612764,ORL,WAS,121,94,H
2024-11-10,2024-25,1610612754,1610612752,IND,NYK,132,121,H
2024-11-10,2024-25,1610612755,1610612766,PHI,CHA,107,105,H
2024-11-10,2024-25,1610612756,1610612758,PHX,SAC,118,127,A
2024-11-10,2024-25,1610612757,1610612763,POR,MEM,89,134,A
2024-11-10,2024-25,1610612760,1610612744,OKC,GSW,116,127,A
2024-11-10,2024-25,1610612765,1610612745,DET,HOU,99,101,A
2024-11-11,2024-25,1610612740,1610612751,NOP,BKN,105,107,A
2024-11-11,2024-25,1610612741,1610612739,CHI,CLE,113,119,A
2024-11-11,2024-25,1610612745,1610612764,HOU,WAS,107,92,H
2024-11-11,2024-25,1610612759,1610612758,SAS,SAC,116,96,H
2024-11-11,2024-25,1610612760,1610612746,OKC,LAC,134,128,H
2024-11-12,2024-25,1610612738,1610612737,BOS,ATL,116,117,A
2024-11-12,2024-25,1610612744,1610612742,GSW,DAL,120,117,H
2024-11-12,2024-25,1610612749,1610612761,MIL,TOR,99,85,H
2024-11-12,2024-25,1610612753,1610612766,ORL,CHA,114,89,H
2024-11-12,2024-25,1610612755,1610612752,PHI,NYK,99,111,A
2024-11-12,2024-25,1610612757,1610612750,POR,MIN,122,108,H
2024-11-12,2024-25,1610612762,1610612756,UTA,PHX,112,120,A
2024-11-12,2024-25,1610612765,1610612748,DET,MIA,123,121,H
2024-11-13,2024-25,1610612745,1610612746,HOU,LAC,111,103,H
2024-11-13,2024-25,1610612747,1610612763,LAL,MEM,128,123,H
2024-11-13,2024-25,1610612749,1610612765,MIL,DET,127,120,H
2024-11-13,2024-25,1610612751,1610612738,BKN,BOS,114,139,A
2024-11-13,2024-25,1610612752,1610612741,NYK,CHI,123,124,A
2024-11-13,2024-25,1610612753,1610612754,ORL,IND,94,90,H
2024-11-13,2024-25,1610612755,1610612739,PHI,CLE,106,114,A
2024-11-13,2024-25,1610612757,1610612750,POR,MIN,106,98,H
2024-11-13,2024-25,1610612758,1610612756,SAC,PHX,127,104,H
2024-11-13,2024-25,1610612759,1610612764,SAS,WAS,139,130,H
2024-11-13,2024-25,1610612760,1610612740,OKC,NOP,106,88,H
2024-11-14,2024-25,1610612762,1610612742,UTA,DAL,115,113,H
2024-11-15,2024-25,1610612737,1610612764,ATL,WAS,129,117,H
2024-11-15,2024-25,1610612739,1610612741,CLE,CHI,144,126,H
2024-11-15,2024-25,1610612740,1610612743,NOP,DEN,101,94,H
2024-11-15,2024-25,1610612744,1610612763,GSW,MEM,123,118,H
2024-11-15,2024-25,1610612745,1610612746,HOU,LAC,125,104,H
2024-11-15,2024-25,1610612752,1610612751,NYK,BKN,124,122,H
2024-11-15,2024-25,1610612753,1610612755,ORL,PHI,98,86,H
2024-11-15,2024-25,1610612754,1610612748,IND,MIA,111,124,A
2024-11-15,2024-25,1610612758,1610612750,SAC,MIN,126,130,A
2024-11-15,2024-25,1610612759,1610612747,SAS,LAL,115,120,A
2024-11-15,2024-25,1610612760,1610612756,OKC,PHX,99,83,H
2024-11-15,2024-25,1610612761,1610612765,TOR,DET,95,99,A
2024-11-16,2024-25,1610612738,1610612761,BOS,TOR,126,123,H
2024-11-16,2024-25,1610612740,1610612747,NOP,LAL,99,104,A
2024-11-16,2024-25,1610612742,1610612759,DAL,SAS,110,93,H
2024-11-16,2024-25,1610612758,1610612762,SAC,UTA,121,117,H
2024-11-16,2024-25,1610612766,1610612749,CHA,MIL,115,114,H
2024-11-17,2024-25,1610612739,1610612766,CLE,CHA,128,114,H
2024-11-17,2024-25,1610612741,1610612745,CHI,HOU,107,143,A
2024-11-17,2024-25,1610612746,1610612762,LAC,UTA,116,105,H
2024-11-17,2024-25,1610612750,1610612756,MIN,PHX,120,117,H
2024-11-17,2024-25,1610612752,1610612751,NYK,BKN,114,104,H
2024-11-17,2024-25,1610612754,1610612748,IND,MIA,119,110,H
2024-11-17,2024-25,1610612757,1610612737,POR,ATL,114,110,H
2024-11-17,2024-25,1610612760,1610612742,OKC,DAL,119,121,A
2024-11-17,2024-25,1610612763,1610612743,MEM,DEN,105,90,H
2024-11-17,2024-25,1610612764,1610612765,WAS,DET,104,124,A
2024-11-18,2024-25,1610612746,1610612744,LAC,GSW,102,99,H
2024-11-18,2024-25,1610612748,1610612755,MIA,PHI,106,89,H
2024-11-18,2024-25,1610612749,1610612745,MIL,HOU,101,100,H
2024-11-18,2024-25,1610612752,1610612764,NYK,WAS,134,106,H
2024-11-18,2024-25,1610612756,1610612753,PHX,ORL,99,109,A
2024-11-18,2024-25,1610612758,1610612737,SAC,ATL,108,109,A
2024-11-18,2024-25,1610612761,1610612754,TOR,IND,130,119,H
2024-11-18,2024-25,1610612765,1610612741,DET,CHI,112,122,A
2024-11-19,2024-25,1610612738,1610612739,BOS,CLE,120,117,H
2024-11-19,2024-25,1610612742,1610612740,DAL,NOP,132,91,H
2024-11-19,2024-25,1610612747,1610612762,LAL,UTA,124,118,H
2024-11-19,2024-25,1610612751,1610612766,BKN,CHA,116,115,H
2024-11-19,2024-25,1610612759,1610612760,SAS,OKC,110,104,H
2024-11-19,2024-25,1610612763,1610612743,MEM,DEN,110,122,A
2024-11-20,2024-25,1610612739,1610612740,CLE,NOP,128,100,H
2024-11-20,2024-25,1610612744,1610612737,GSW,ATL,120,97,H
2024-11-20,2024-25,1610612745,1610612754,HOU,IND,130,113,H
2024-11-20,2024-25,1610612746,1610612753,LAC,ORL,104,93,H
2024-11-20,2024-25,1610612749,1610612741,MIL,CHI,122,106,H
2024-11-20,2024-25,1610612756,1610612752,PHX,NYK,122,138,A
2024-11-20,2024-25,1610612760,1610612757,OKC,POR,109,99,H
2024-11-20,2024-25,1610612763,1610612755,MEM,PHI,117,111,H
2024-11-21,2024-25,1610612747,1610612753,LAL,ORL,118,119,A
2024-11-21,2024-25,1610612759,1610612762,SAS,UTA,126,118,H
2024-11-21,2024-25,1610612761,1610612750,TOR,MIN,110,105,H
2024-11-21,2024-25,1610612766,1610612765,CHA,DET,123,121,H
2024-11-22,2024-25,1610612740,1610612744,NOP,GSW,108,112,A
2024-11-22,2024-25,1610612741,1610612737,CHI,ATL,136,122,H
2024-11-22,2024-25,1610612743,1610612742,DEN,DAL,120,123,A
2024-11-22,2024-25,1610612745,1610612757,HOU,POR,116,88,H
2024-11-22,2024-25,1610612746,1610612758,LAC,SAC,104,88,H
2024-11-22,2024-25,1610612749,1610612754,MIL,IND,129,117,H
2024-11-22,2024-25,1610612755,1610612751,PHI,BKN,113,98,H
2024-11-22,2024-25,1610612764,1610612738,WAS,BOS,96,108,A
2024-11-23,2024-25,1610612741,1610612763,CHI,MEM,131,142,A
2024-11-23,2024-25,1610612745,1610612757,HOU,POR,98,104,A
2024-11-23,2024-25,1610612747,1610612743,LAL,DEN,102,127,A
2024-11-23,2024-25,1610612749,1610612766,MIL,CHA,125,119,H
2024-11-23,2024-25,1610612753,1610612765,ORL,DET,111,100,H
2024-11-23,2024-25,1610612759,1610612744,SAS,GSW,104,94,H
2024-11-23,2024-25,1610612762,1610612752,UTA,NYK,121,106,H
2024-11-24,2024-25,1610612738,1610612750,BOS,MIN,107,105,H
2024-11-24,2024-25,1610612739,1610612761,CLE,TOR,122,108,H
2024-11-24,2024-25,1610612748,1610612742,MIA,DAL,123,118,H
2024-11-24,2024-25,1610612754,1610612764,IND,WAS,115,103,H
2024-11-24,2024-25,1610612755,1610612746,PHI,LAC,99,125,A
2024-11-24,2024-25,1610612758,1610612751,SAC,BKN,103,108,A
2024-11-25,2024-25,1610612737,1610612742,ATL,DAL,119,129,A
2024-11-25,2024-25,1610612738,1610612746,BOS,LAC,126,94,H
2024-11-25,2024-25,1610612743,1610612752,DEN,NYK,118,145,A
2024-11-25,2024-25,1610612744,1610612751,GSW,BKN,120,128,A
2024-11-25,2024-25,1610612754,1610612740,IND,NOP,114,110,H
2024-11-25,2024-25,1610612758,1610612760,SAC,OKC,109,130,A
2024-11-25,2024-25,1610612763,1610612757,MEM,POR,123,98,H
2024-11-25,2024-25,1610612765,1610612761,DET,TOR,102,100,H
2024-11-25,2024-25,1610612766,1610612753,CHA,ORL,84,95,A
2024-11-26,2024-25,1610612748,1610612749,MIA,MIL,103,106,A
2024-11-26,2024-25,1610612750,1610612745,MIN,HOU,111,117,A
2024-11-26,2024-25,1610612756,1610612747,PHX,LAL,127,100,H
2024-11-26,2024-25,1610612762,1610612759,UTA,SAS,115,128,A
2024-11-26,2024-25,1610612764,1610612741,WAS,CHI,108,127,A
2024-11-27,2024-25,1610612739,1610612737,CLE,ATL,124,135,A
2024-11-27,2024-25,1610612740,1610612761,NOP,TOR,93,119,A
2024-11-27,2024-25,1610612742,1610612752,DAL,NYK,129,114,H
2024-11-27,2024-25,1610612744,1610612760,GSW,OKC,101,105,A
2024-11-27,2024-25,1610612750,1610612758,MIN,SAC,104,115,A
2024-11-27,2024-25,1610612753,1610612741,ORL,CHI,133,119,H
2024-11-27,2024-25,1610612754,1610612757,IND,POR,121,114,H
2024-11-27,2024-25,1610612755,1610612745,PHI,HOU,115,122,A
2024-11-27,2024-25,1610612756,1610612751,PHX,BKN,117,127,A
2024-11-27,2024-25,1610612759,1610612747,SAS,LAL,101,119,A
2024-11-27,2024-25,1610612762,1610612743,UTA,DEN,103,122,A
2024-11-27,2024-25,1610612763,1610612765,MEM,DET,131,111,H
2024-11-27,2024-25,1610612764,1610612746,WAS,LAC,96,121,A
2024-11-27,2024-25,1610612766,1610612748,CHA,MIA,94,98,A
2024-11-29,2024-25,1610612737,1610612739,ATL,CLE,117,101,H
2024-11-29,2024-25,1610612741,1610612738,CHI,BOS,129,138,A
2024-11-29,2024-25,1610612747,1610612760,LAL,OKC,93,101,A
2024-11-29,2024-25,1610612748,1610612761,MIA,TOR,121,111,H
2024-11-29,2024-25,1610612750,1610612746,MIN,LAC,93,92,H
2024-11-29,2024-25,1610612751,1610612753,BKN,ORL,100,123,A
2024-11-29,2024-25,1610612754,1610612765,IND,DET,106,130,A
2024-11-29,2024-25,1610612757,1610612758,POR,SAC,115,106,H
2024-11-29,2024-25,1610612763,1610612740,MEM,NOP,120,109,H
2024-11-29,2024-25,1610612766,1610612752,CHA,NYK,98,99,A
2024-11-30,2024-25,1610612749,1610612764,MIL,WAS,124,114,H
2024-11-30,2024-25,1610612756,1610612744,PHX,GSW,113,105,H
2024-11-30,2024-25,1610612762,1610612742,UTA,DAL,94,106,A
2024-11-30,2024-25,1610612765,1610612755,DET,PHI,96,111,A
2024-11-30,2024-25,1610612766,1610612737,CHA,ATL,104,107,A
2024-12-01,2024-25,1610612739,1610612738,CLE,BOS,115,111,H
2024-12-01,2024-25,1610612745,1610612760,HOU,OKC,119,116,H
2024-12-01,2024-25,1610612746,1610612743,LAC,DEN,126,122,H
2024-12-01,2024-25,1610612751,1610612753,BKN,ORL,92,100,A
2024-12-01,2024-25,1610612752,1610612740,NYK,NOP,118,85,H
2024-12-01,2024-25,1610612757,1610612742,POR,DAL,131,137,A
2024-12-01,2024-25,1610612758,1610612759,SAC,SAS,125,127,A
2024-12-01,2024-25,1610612761,1610612748,TOR,MIA,119,116,H
2024-12-01,2024-25,1610612762,1610612747,UTA,LAL,104,105,A
2024-12-01,2024-25,1610612763,1610612754,MEM,IND,136,121,H
2024-12-02,2024-25,1610612737,1610612740,ATL,NOP,124,112,H
2024-12-02,2024-25,1610612738,1610612748,BOS,MIA,108,89,H
2024-12-02,2024-25,1610612741,1610612751,CHI,BKN,128,102,H
2024-12-02,2024-25,1610612750,1610612747,MIN,LAL,109,80,H
2024-12-03,2024-25,1610612739,1610612764,CLE,WAS,118,87,H
2024-12-03,2024-25,1610612742,1610612763,DAL,MEM,121,116,H
2024-12-03,2024-25,1610612743,1610612744,DEN,GSW,119,115,H
2024-12-03,2024-25,1610612746,1610612757,LAC,POR,127,105,H
2024-12-03,2024-25,1610612752,1610612753,NYK,ORL,121,106,H
2024-12-03,2024-25,1610612756,1610612759,PHX,SAS,104,93,H
2024-12-03,2024-25,1610612758,1610612745,SAC,HOU,120,111,H
2024-12-03,2024-25,1610612760,1610612762,OKC,UTA,133,106,H
2024-12-03,2024-25,1610612761,1610612754,TOR,IND,122,111,H
2024-12-03,2024-25,1610612765,1610612749,DET,MIL,107,128,A
2024-12-03,2024-25,1610612766,1610612755,CHA,PHI,104,110,A
2024-12-04,2024-25,1610612738,1610612765,BOS,DET,130,120,H
2024-12-04,2024-25,1610612746,1610612750,LAC,MIN,80,108,A
2024-12-04,2024-25,1610612748,1610612747,MIA,LAL,134,93,H
2024-12-04,2024-25,1610612749,1610612737,MIL,ATL,104,119,A
2024-12-04,2024-25,1610612751,1610612754,BKN,IND,99,90,H
2024-12-04,2024-25,1610612755,1610612753,PHI,ORL,102,106,A
2024-12-05,2024-25,1610612739,1610612743,CLE,DEN,126,114,H
2024-12-05,2024-25,1610612740,1610612756,NOP,PHX,126,124,H
2024-12-05,2024-25,1610612744,1610612745,GSW,HOU,99,93,H
2024-12-05,2024-25,1610612752,1610612766,NYK,CHA,125,101,H
2024-12-05,2024-25,1610612759,1610612741,SAS,CHI,124,139,A
2024-12-05,2024-25,1610612761,1610612760,TOR,OKC,92,129,A
2024-12-05,2024-25,1610612763,1610612758,MEM,SAC,115,110,H
2024-12-05,2024-25,1610612764,1610612742,WAS,DAL,101,137,A
2024-12-06,2024-25,1610612737,1610612747,ATL,LAL,134,132,H
2024-12-06,2024-25,1610612738,1610612749,BOS,MIL,111,105,H
2024-12-06,2024-25,1610612741,1610612754,CHI,IND,123,132,A
2024-12-06,2024-25,1610612744,1610612750,GSW,MIN,90,107,A
2024-12-06,2024-25,1610612755,1610612753,PHI,ORL,102,94,H
2024-12-06,2024-25,1610612757,1610612762,POR,UTA,99,141,A
2024-12-06,2024-25,1610612759,1610612758,SAS,SAC,113,140,A
2024-12-07,2024-25,1610612738,1610612763,BOS,MEM,121,127,A
2024-12-07,2024-25,1610612740,1610612760,NOP,OKC,109,119,A
2024-12-07,2024-25,1610612748,1610612756,MIA,PHX,121,111,H
2024-12-07,2024-25,1610612752,1610612765,NYK,DET,111,120,A
2024-12-07,2024-25,1610612761,1610612742,TOR,DAL,118,125,A
2024-12-07,2024-25,1610612764,1610612743,WAS,DEN,122,113,H
2024-12-07,2024-25,1610612766,1610612739,CHA,CLE,102,116,A
2024-12-08,2024-25,1610612737,1610612743,ATL,DEN,111,141,A
2024-12-08,2024-25,1610612741,1610612755,CHI,PHI,100,108,A
2024-12-08,2024-25,1610612744,1610612750,GSW,MIN,114,106,H
2024-12-08,2024-25,1610612746,1610612745,LAC,HOU,106,117,A
2024-12-08,2024-25,1610612747,1610612757,LAL,POR,107,98,H
2024-12-08,2024-25,1610612748,1610612739,MIA,CLE,122,113,H
2024-12-08,2024-25,1610612751,1610612749,BKN,MIL,113,118,A
2024-12-08,2024-25,1610612753,1610612756,ORL,PHX,115,110,H
2024-12-08,2024-25,1610612754,1610612766,IND,CHA,109,113,A
2024-12-08,2024-25,1610612758,1610612762,SAC,UTA,141,97,H
2024-12-08,2024-25,1610612759,1610612740,SAS,NOP,121,116,H
2024-12-08,2024-25,1610612764,1610612763,WAS,MEM,112,140,A
2024-12-09,2024-25,1610612761,1610612752,TOR,NYK,108,113,A
2024-12-10,2024-25,1610612749,1610612753,MIL,ORL,114,109,H
2024-12-10,2024-25,1610612760,1610612742,OKC,DAL,118,104,H
2024-12-11,2024-25,1610612745,1610612744,HOU,GSW,91,90,H
2024-12-11,2024-25,1610612752,1610612737,NYK,ATL,100,108,A
2024-12-12,2024-25,1610612738,1610612765,BOS,DET,123,99,H
2024-12-12,2024-25,1610612740,1610612758,NOP,SAC,109,111,A
2024-12-12,2024-25,1610612748,1610612761,MIA,TOR,114,104,H
2024-12-13,2024-25,1610612739,1610612764,CLE,WAS,115,105,H
2024-12-13,2024-25,1610612741,1610612766,CHI,CHA,109,95,H
2024-12-13,2024-25,1610612743,1610612746,DEN,LAC,120,98,H
2024-12-13,2024-25,1610612750,1610612747,MIN,LAL,97,87,H
2024-12-13,2024-25,1610612755,1610612754,PHI,IND,107,121,A
2024-12-13,2024-25,1610612757,1610612759,POR,SAS,116,118,A
2024-12-13,2024-25,1610612762,1610612756,UTA,PHX,126,134,A
2024-12-13,2024-25,1610612763,1610612751,MEM,BKN,135,119,H
2024-12-14,2024-25,1610612749,1610612737,MIL,ATL,110,102,H
2024-12-14,2024-25,1610612760,1610612745,OKC,HOU,111,96,H
2024-12-15,2024-25,1610612744,1610612742,GSW,DAL,133,143,A
2024-12-15,2024-25,1610612747,1610612763,LAL,MEM,116,110,H
2024-12-15,2024-25,1610612753,1610612752,ORL,NYK,91,100,A
2024-12-15,2024-25,1610612754,1610612740,IND,NOP,119,104,H
2024-12-15,2024-25,1610612756,1610612757,PHX,POR,116,109,H
2024-12-15,2024-25,1610612759,1610612750,SAS,MIN,92,106,A
2024-12-15,2024-25,1610612764,1610612738,WAS,BOS,98,112,A
2024-12-16,2024-25,1610612746,1610612762,LAC,UTA,144,107,H
2024-12-16,2024-25,1610612751,1610612739,BKN,CLE,101,130,A
2024-12-16,2024-25,1610612758,1610612743,SAC,DEN,129,130,A
2024-12-16,2024-25,1610612761,1610612741,TOR,CHI,121,122,A
2024-12-16,2024-25,1610612765,1610612748,DET,MIA,125,124,H
2024-12-16,2024-25,1610612766,1610612755,CHA,PHI,108,121,A
2024-12-19,2024-25,1610612738,1610612741,BOS,CHI,108,117,A
2024-12-19,2024-25,1610612742,1610612746,DAL,LAC,95,118,A
2024-12-19,2024-25,1610612745,1610612740,HOU,NOP,133,113,H
2024-12-19,2024-25,1610612750,1610612752,MIN,NYK,107,133,A
2024-12-19,2024-25,1610612753,1610612760,ORL,OKC,99,105,A
2024-12-19,2024-25,1610612756,1610612754,PHX,IND,111,120,A
2024-12-19,2024-25,1610612757,1610612743,POR,DEN,126,124,H
2024-12-19,2024-25,1610612758,1610612747,SAC,LAL,100,113,A
2024-12-19,2024-25,1610612759,1610612737,SAS,ATL,133,126,H
2024-12-19,2024-25,1610612761,1610612751,TOR,BKN,94,101,A
2024-12-19,2024-25,1610612763,1610612744,MEM,GSW,144,93,H
2024-12-19,2024-25,1610612764,1610612766,WAS,CHA,123,114,H
2024-12-19,2024-25,1610612765,1610612762,DET,UTA,119,126,A
2024-12-20,2024-25,1610612739,1610612749,CLE,MIL,124,101,H
2024-12-20,2024-25,1610612748,1610612760,MIA,OKC,97,104,A
2024-12-20,2024-25,1610612755,1610612766,PHI,CHA,108,98,H
2024-12-21,2024-25,1610612737,1610612763,ATL,MEM,112,128,A
2024-12-21,2024-25,1610612739,1610612755,CLE,PHI,126,99,H
2024-12-21,2024-25,1610612740,1610612752,NOP,NYK,93,104,A
2024-12-21,2024-25,1610612741,1610612738,CHI,BOS,98,123,A
2024-12-21,2024-25,1610612742,1610612746,DAL,LAC,113,97,H
2024-12-21,2024-25,1610612749,1610612764,MIL,WAS,112,101,H
2024-12-21,2024-25,1610612750,1610612744,MIN,GSW,103,113,A
2024-12-21,2024-25,1610612751,1610612762,BKN,UTA,94,105,A
2024-12-21,2024-25,1610612753,1610612748,ORL,MIA,121,114,H
2024-12-21,2024-25,1610612756,1610612765,PHX,DET,125,133,A
2024-12-21,2024-25,1610612758,1610612747,SAC,LAL,99,103,A
2024-12-21,2024-25,1610612759,1610612757,SAS,POR,114,94,H
2024-12-22,2024-25,1610612740,1610612743,NOP,DEN,129,132,A
2024-12-22,2024-25,1610612758,1610612754,SAC,IND,95,122,A
2024-12-22,2024-25,1610612761,1610612745,TOR,HOU,110,114,A
2024-12-23,2024-25,1610612737,1610612750,ATL,MIN,117,104,H
2024-12-23,2024-25,1610612739,1610612762,CLE,UTA,124,113,H
2024-12-23,2024-25,1610612741,1610612749,CHI,MIL,91,112,A
2024-12-23,2024-25,1610612742,1610612757,DAL,POR,132,108,H
2024-12-23,2024-25,1610612743,1610612756,DEN,PHX,117,90,H
2024-12-23,2024-25,1610612744,1610612754,GSW,IND,105,111,A
2024-12-23,2024-25,1610612747,1610612765,LAL,DET,114,117,A
2024-12-23,2024-25,1610612748,1610612751,MIA,BKN,110,95,H
2024-12-23,2024-25,1610612752,1610612761,NYK,TOR,139,125,H
2024-12-23,2024-25,1610612753,1610612738,ORL,BOS,108,104,H
2024-12-23,2024-25,1610612755,1610612759,PHI,SAS,111,106,H
2024-12-23,2024-25,1610612760,1610612764,OKC,WAS,123,105,H
2024-12-23,2024-25,1610612763,1610612746,MEM,LAC,110,114,A
2024-12-23,2024-25,1610612766,1610612745,CHA,HOU,101,114,A
2024-12-25,2024-25,1610612738,1610612755,BOS,PHI,114,118,A
2024-12-25,2024-25,1610612742,1610612750,DAL,MIN,99,105,A
2024-12-25,2024-25,1610612744,1610612747,GSW,LAL,113,115,A
2024-12-25,2024-25,1610612752,1610612759,NYK,SAS,117,114,H
2024-12-25,2024-25,1610612756,1610612743,PHX,DEN,110,100,H
2024-12-26,2024-25,1610612737,1610612741,ATL,CHI,141,133,H
2024-12-26,2024-25,1610612740,1610612745,NOP,HOU,111,128,A
2024-12-26,2024-25,1610612749,1610612751,MIL,BKN,105,111,A
2024-12-26,2024-25,1610612753,1610612748,ORL,MIA,88,89,A
2024-12-26,2024-25,1610612754,1610612760,IND,OKC,114,120,A
2024-12-26,2024-25,1610612757,1610612762,POR,UTA,122,120,H
2024-12-26,2024-25,1610612758,1610612765,SAC,DET,113,114,A
2024-12-26,2024-25,1610612763,1610612761,MEM,TOR,155,126,H
2024-12-26,2024-25,1610612764,1610612766,WAS,CHA,113,110,H
2024-12-27,2024-25,1610612738,1610612754,BOS,IND,142,105,H
2024-12-27,2024-25,1610612740,1610612763,NOP,MEM,124,132,A
2024-12-27,2024-25,1610612743,1610612739,DEN,CLE,135,149,A
2024-12-27,2024-25,1610612745,1610612750,HOU,MIN,112,113,A
2024-12-27,2024-25,1610612746,1610612744,LAC,GSW,102,92,H
2024-12-27,2024-25,1610612751,1610612759,BKN,SAS,87,96,A
2024-12-27,2024-25,1610612753,1610612752,ORL,NYK,85,108,A
2024-12-27,2024-25,1610612756,1610612742,PHX,DAL,89,98,A
2024-12-28,2024-25,1610612737,1610612748,ATL,MIA,120,110,H
2024-12-28,2024-25,1610612741,1610612749,CHI,MIL,116,111,H
2024-12-28,2024-25,1610612743,1610612765,DEN,DET,134,121,H
2024-12-28,2024-25,1610612744,1610612756,GSW,PHX,109,105,H
2024-12-28,2024-25,1610612747,1610612758,LAL,SAC,132,122,H
2024-12-28,2024-25,1610612757,1610612742,POR,DAL,126,122,H
2024-12-28,2024-25,1610612762,1610612755,UTA,PHI,111,114,A
2024-12-28,2024-25,1610612764,1610612752,WAS,NYK,132,136,A
2024-12-28,2024-25,1610612766,1610612760,CHA,OKC,94,106,A
2024-12-29,2024-25,1610612738,1610612754,BOS,IND,114,123,A
2024-12-29,2024-25,1610612745,1610612748,HOU,MIA,100,104,A
2024-12-29,2024-25,1610612750,1610612759,MIN,SAS,112,110,H
2024-12-29,2024-25,1610612753,1610612751,ORL,BKN,102,101,H
2024-12-29,2024-25,1610612760,1610612763,OKC,MEM,130,106,H
2024-12-29,2024-25,1610612761,1610612737,TOR,ATL,107,136,A
2024-12-30,2024-25,1610612740,1610612746,NOP,LAC,113,116,A
2024-12-30,2024-25,1610612744,1610612739,GSW,CLE,95,113,A
2024-12-30,2024-25,1610612757,1610612755,POR,PHI,103,125,A
2024-12-30,2024-25,1610612758,1610612742,SAC,DAL,110,100,H
2024-12-30,2024-25,1610612762,1610612743,UTA,DEN,121,132,A
2024-12-30,2024-25,1610612764,1610612752,WAS,NYK,106,126,A
2024-12-30,2024-25,1610612766,1610612741,CHA,CHI,108,115,A
2024-12-31,2024-25,1610612738,1610612761,BOS,TOR,125,71,H
2024-12-31,2024-25,1610612747,1610612739,LAL,CLE,110,122,A
2024-12-31,2024-25,1610612754,1610612749,IND,MIL,112,120,A
2024-12-31,2024-25,1610612756,1610612763,PHX,MEM,112,117,A
2024-12-31,2024-25,1610612759,1610612746,SAS,LAC,122,86,H
2024-12-31,2024-25,1610612760,1610612750,OKC,MIN,113,105,H
2025-01-01,2024-25,1610612743,1610612737,DEN,ATL,139,120,H
2025-01-01,2024-25,1610612745,1610612742,HOU,DAL,110,99,H
2025-01-01,2024-25,1610612748,1610612740,MIA,NOP,119,108,H
2025-01-01,2024-25,1610612752,1610612762,NYK,UTA,119,103,H
2025-01-01,2024-25,1610612758,1610612755,SAC,PHI,113,107,H
2025-01-01,2024-25,1610612761,1610612751,TOR,BKN,130,113,H
2025-01-01,2024-25,1610612764,1610612741,WAS,CHI,125,107,H
2025-01-01,2024-25,1610612765,1610612753,DET,ORL,105,96,H
2025-01-02,2024-25,1610612744,1610612755,GSW,PHI,139,105,H
2025-01-02,2024-25,1610612747,1610612757,LAL,POR,114,106,H
2025-01-02,2024-25,1610612748,1610612754,MIA,IND,115,128,A
2025-01-02,2024-25,1610612749,1610612751,MIL,BKN,110,113,A
2025-01-02,2024-25,1610612750,1610612738,MIN,BOS,115,118,A
2025-01-02,2024-25,1610612760,1610612746,OKC,LAC,116,98,H
2025-01-03,2024-25,1610612740,1610612764,NOP,WAS,132,120,H
2025-01-03,2024-25,1610612742,1610612739,DAL,CLE,122,134,A
2025-01-03,2024-25,1610612743,1610612759,DEN,SAS,110,113,A
2025-01-03,2024-25,1610612745,1610612738,HOU,BOS,86,109,A
2025-01-03,2024-25,1610612747,1610612737,LAL,ATL,119,102,H
2025-01-03,2024-25,1610612758,1610612763,SAC,MEM,138,133,H
2025-01-03,2024-25,1610612760,1610612752,OKC,NYK,117,107,H
2025-01-03,2024-25,1610612761,1610612753,TOR,ORL,97,106,A
2025-01-03,2024-25,1610612765,1610612766,DET,CHA,98,94,H
2025-01-04,2024-25,1610612741,1610612752,CHI,NYK,139,126,H
2025-01-04,2024-25,1610612744,1610612763,GSW,MEM,121,113,H
2025-01-04,2024-25,1610612746,1610612737,LAC,ATL,131,105,H
2025-01-04,2024-25,1610612748,1610612762,MIA,UTA,100,136,A
2025-01-04,2024-25,1610612749,1610612757,MIL,POR,102,105,A
2025-01-04,2024-25,1610612751,1610612755,BKN,PHI,94,123,A
2025-01-04,2024-25,1610612754,1610612756,IND,PHX,126,108,H
2025-01-04,2024-25,1610612759,1610612743,SAS,DEN,111,122,A
2025-01-04,2024-25,1610612765,1610612750,DET,MIN,119,105,H
2025-01-05,2024-25,1610612739,1610612766,CLE,CHA,115,105,H
2025-01-05,2024-25,1610612744,1610612758,GSW,SAC,99,129,A
2025-01-05,2024-25,1610612745,1610612747,HOU,LAL,119,115,H
2025-01-05,2024-25,1610612753,1610612762,ORL,UTA,92,105,A
2025-01-05,2024-25,1610612760,1610612738,OKC,BOS,105,92,H
2025-01-05,2024-25,1610612764,1610612740,WAS,NOP,98,110,A
2025-01-06,2024-25,1610612741,1610612759,CHI,SAS,114,110,H
2025-01-06,2024-25,1610612750,1610612746,MIN,LAC,108,106,H
2025-01-06,2024-25,1610612751,1610612754,BKN,IND,99,113,A
2025-01-06,2024-25,1610612752,1610612753,NYK,ORL,94,103,A
2025-01-06,2024-25,1610612755,1610612756,PHI,PHX,99,109,A
2025-01-06,2024-25,1610612758,1610612748,SAC,MIA,123,118,H
2025-01-06,2024-25,1610612761,1610612749,TOR,MIL,104,128,A
2025-01-06,2024-25,1610612763,1610612742,MEM,DAL,119,104,H
2025-01-06,2024-25,1610612765,1610612757,DET,POR,118,115,H
2025-01-07,2024-25,1610612740,1610612750,NOP,MIN,97,104,A
2025-01-07,2024-25,1610612742,1610612747,DAL,LAL,118,97,H
2025-01-07,2024-25,1610612743,1610612738,DEN,BOS,106,118,A
2025-01-07,2024-25,1610612744,1610612748,GSW,MIA,98,114,A
2025-01-07,2024-25,1610612762,1610612737,UTA,ATL,121,124,A
2025-01-07,2024-25,1610612764,1610612745,WAS,HOU,112,135,A
2025-01-07,2024-25,1610612766,1610612756,CHA,PHX,115,104,H
2025-01-08,2024-25,1610612739,1610612760,CLE,OKC,129,122,H
2025-01-08,2024-25,1610612740,1610612757,NOP,POR,100,119,A
2025-01-08,2024-25,1610612743,1610612746,DEN,LAC,126,103,H
2025-01-08,2024-25,1610612749,1610612759,MIL,SAS,121,105,H
2025-01-08,2024-25,1610612751,1610612765,BKN,DET,98,113,A
2025-01-08,2024-25,1610612752,1610612761,NYK,TOR,112,98,H
2025-01-08,2024-25,1610612754,1610612741,IND,CHI,129,113,H
2025-01-08,2024-25,1610612755,1610612764,PHI,WAS,109,103,H
2025-01-09,2024-25,1610612739,1610612761,CLE,TOR,132,126,H
2025-01-09,2024-25,1610612742,1610612757,DAL,POR,117,111,H
2025-01-09,2024-25,1610612753,1610612750,ORL,MIN,89,104,A
2025-01-09,2024-25,1610612756,1610612737,PHX,ATL,123,115,H
2025-01-09,2024-25,1610612762,1610612748,UTA,MIA,92,97,A
2025-01-09,2024-25,1610612763,1610612745,MEM,HOU,115,119,A
2025-01-09,2024-25,1610612765,1610612744,DET,GSW,104,107,A
2025-01-10,2024-25,1610612738,1610612758,BOS,SAC,97,114,A
2025-01-10,2024-25,1610612741,1610612764,CHI,WAS,138,105,H
2025-01-10,2024-25,1610612743,1610612751,DEN,BKN,124,105,H
2025-01-10,2024-25,1610612752,1610612760,NYK,OKC,101,126,A
2025-01-10,2024-25,1610612753,1610612749,ORL,MIL,106,109,A
2025-01-10,2024-25,1610612754,1610612744,IND,GSW,108,96,H
2025-01-10,2024-25,1610612755,1610612740,PHI,NOP,115,123,A
2025-01-11,2024-25,1610612750,1610612763,MIN,MEM,125,127,A
2025-01-11,2024-25,1610612756,1610612762,PHX,UTA,114,106,H
2025-01-11,2024-25,1610612757,1610612748,POR,MIA,98,119,A
2025-01-11,2024-25,1610612765,1610612761,DET,TOR,123,114,H
2025-01-12,2024-25,1610612738,1610612740,BOS,NOP,120,119,H
2025-01-12,2024-25,1610612739,1610612754,CLE,IND,93,108,A
2025-01-12,2024-25,1610612741,1610612758,CHI,SAC,119,124,A
2025-01-12,2024-25,1610612742,1610612743,DAL,DEN,101,112,A
2025-01-12,2024-25,1610612752,1610612749,NYK,MIL,140,106,H
2025-01-12,2024-25,1610612753,1610612755,ORL,PHI,104,99,H
2025-01-12,2024-25,1610612756,1610612766,PHX,CHA,120,113,H
2025-01-12,2024-25,1610612762,1610612751,UTA,BKN,112,111,H
2025-01-12,2024-25,1610612764,1610612760,WAS,OKC,95,136,A
2025-01-13,2024-25,1610612745,1610612763,HOU,MEM,120,118,H
2025-01-13,2024-25,1610612746,1610612748,LAC,MIA,109,98,H
2025-01-13,2024-25,1610612747,1610612759,LAL,SAS,102,126,A
2025-01-13,2024-25,1610612752,1610612765,NYK,DET,119,124,A
2025-01-13,2024-25,1610612761,1610612744,TOR,GSW,104,101,H
2025-01-13,2024-25,1610612764,1610612750,WAS,MIN,106,120,A
2025-01-14,2024-25,1610612737,1610612756,ATL,PHX,122,117,H
2025-01-14,2024-25,1610612741,1610612740,CHI,NOP,113,119,A
2025-01-14,2024-25,1610612742,1610612743,DAL,DEN,99,118,A
2025-01-14,2024-25,1610612749,1610612758,MIL,SAC,130,115,H
2025-01-14,2024-25,1610612754,1610612739,IND,CLE,117,127,A
2025-01-14,2024-25,1610612755,1610612760,PHI,OKC,102,118,A
2025-01-14,2024-25,1610612757,1610612751,POR,BKN,114,132,A
2025-01-15,2024-25,1610612740,1610612742,NOP,DAL,119,116,H
2025-01-15,2024-25,1610612741,1610612737,CHI,ATL,94,110,A
2025-01-15,2024-25,1610612743,1610612745,DEN,HOU,108,128,A
2025-01-15,2024-25,1610612746,1610612751,LAC,BKN,126,67,H
2025-01-15,2024-25,1610612747,1610612748,LAL,MIA,117,108,H
2025-01-15,2024-25,1610612749,1610612753,MIL,ORL,122,93,H
2025-01-15,2024-25,1610612750,1610612744,MIN,GSW,115,116,A
2025-01-15,2024-25,1610612755,1610612752,PHI,NYK,119,125,A
2025-01-15,2024-25,1610612759,1610612763,SAS,MEM,115,129,A
2025-01-15,2024-25,1610612761,1610612738,TOR,BOS,110,97,H
2025-01-15,2024-25,1610612762,1610612766,UTA,CHA,112,117,A
2025-01-16,2024-25,1610612757,1610612746,POR,LAC,89,118,A
2025-01-16,2024-25,1610612758,1610612745,SAC,HOU,132,127,H
2025-01-16,2024-25,1610612760,1610612739,OKC,CLE,134,114,H
2025-01-16,2024-25,1610612764,1610612756,WAS,PHX,123,130,A
2025-01-16,2024-25,1610612765,1610612754,DET,IND,100,111,A
2025-01-17,2024-25,1610612738,1610612753,BOS,ORL,121,94,H
2025-01-17,2024-25,1610612740,1610612762,NOP,UTA,136,123,H
2025-01-17,2024-25,1610612741,1610612766,CHI,CHA,123,125,A
2025-01-17,2024-25,1610612742,1610612760,DAL,OKC,106,98,H
2025-01-17,2024-25,1610612747,1610612751,LAL,BKN,102,101,H
2025-01-17,2024-25,1610612748,1610612743,MIA,DEN,113,133,A
2025-01-17,2024-25,1610612749,1610612761,MIL,TOR,130,112,H
2025-01-17,2024-25,1610612752,1610612750,NYK,MIN,99,116,A
2025-01-17,2024-25,1610612759,1610612763,SAS,MEM,112,140,A
2025-01-18,2024-25,1610612738,1610612737,BOS,ATL,115,119,A
2025-01-18,2024-25,1610612744,1610612764,GSW,WAS,122,114,H
2025-01-18,2024-25,1610612750,1610612739,MIN,CLE,117,124,A
2025-01-18,2024-25,1610612754,1610612755,IND,PHI,115,102,H
2025-01-18,2024-25,1610612757,1610612745,POR,HOU,103,125,A
2025-01-18,2024-25,1610612765,1610612756,DET,PHX,121,125,A
2025-01-19,2024-25,1610612746,1610612747,LAC,LAL,116,102,H
2025-01-19,2024-25,1610612748,1610612759,MIA,SAS,128,107,H
2025-01-19,2024-25,1610612749,1610612755,MIL,PHI,123,109,H
2025-01-19,2024-25,1610612753,1610612743,ORL,DEN,100,113,A
2025-01-19,2024-25,1610612757,1610612741,POR,CHI,113,102,H
2025-01-19,2024-25,1610612758,1610612764,SAC,WAS,123,100,H
2025-01-19,2024-25,1610612760,1610612751,OKC,BKN,127,101,H
2025-01-20,2024-25,1610612739,1610612756,CLE,PHX,118,92,H
2025-01-20,2024-25,1610612740,1610612762,NOP,UTA,123,119,H
2025-01-20,2024-25,1610612744,1610612738,GSW,BOS,85,125,A
2025-01-20,2024-25,1610612745,1610612765,HOU,DET,96,107,A
2025-01-20,2024-25,1610612746,1610612741,LAC,CHI,99,112,A
2025-01-20,2024-25,1610612752,1610612737,NYK,ATL,119,110,H
2025-01-20,2024-25,1610612763,1610612750,MEM,MIN,108,106,H
2025-01-20,2024-25,1610612766,1610612742,CHA,DAL,110,105,H
2025-01-21,2024-25,1610612743,1610612755,DEN,PHI,144,109,H
2025-01-21,2024-25,1610612747,1610612764,LAL,WAS,111,88,H
2025-01-21,2024-25,1610612748,1610612757,MIA,POR,107,116,A
2025-01-21,2024-25,1610612751,1610612752,BKN,NYK,95,99,A
2025-01-21,2024-25,1610612761,1610612753,TOR,ORL,109,93,H
2025-01-22,2024-25,1610612737,1610612765,ATL,DET,104,114,A
2025-01-22,2024-25,1610612742,1610612750,DAL,MIN,114,115,A
2025-01-22,2024-25,1610612745,1610612739,HOU,CLE,109,108,H
2025-01-22,2024-25,1610612746,1610612738,LAC,BOS,113,117,A
2025-01-22,2024-25,1610612751,1610612756,BKN,PHX,84,108,A
2025-01-22,2024-25,1610612758,1610612744,SAC,GSW,123,117,H
2025-01-22,2024-25,1610612760,1610612762,OKC,UTA,123,114,H
2025-01-22,2024-25,1610612763,1610612766,MEM,CHA,132,120,H
2025-01-23,2024-25,1610612737,1610612761,ATL,TOR,119,122,A
2025-01-23,2024-25,1610612743,1610612758,DEN,SAC,132,123,H
2025-01-23,2024-25,1610612744,1610612741,GSW,CHI,131,106,H
2025-01-23,2024-25,1610612746,1610612764,LAC,WAS,110,93,H
2025-01-23,2024-25,1610612747,1610612738,LAL,BOS,117,96,H
2025-01-23,2024-25,1610612749,1610612748,MIL,MIA,125,96,H
2025-01-23,2024-25,1610612753,1610612757,ORL,POR,79,101,A
2025-01-23,2024-25,1610612754,1610612759,IND,SAS,110,140,A
2025-01-23,2024-25,1610612760,1610612742,OKC,DAL,115,121,A
2025-01-24,2024-25,1610612755,1610612739,PHI,CLE,132,129,H
2025-01-24,2024-25,1610612763,1610612740,MEM,NOP,139,126,H
2025-01-24,2024-25,1610612766,1610612757,CHA,POR,97,102,A
2025-01-25,2024-25,1610612737,1610612761,ATL,TOR,94,117,A
2025-01-25,2024-25,1610612739,1610612745,CLE,HOU,131,135,A
2025-01-25,2024-25,1610612741,1610612755,CHI,PHI,97,109,A
2025-01-25,2024-25,1610612742,1610612738,DAL,BOS,107,122,A
2025-01-25,2024-25,1610612744,1610612747,GSW,LAL,108,118,A
2025-01-25,2024-25,1610612746,1610612749,LAC,MIL,127,117,H
2025-01-25,2024-25,1610612750,1610612743,MIN,DEN,133,104,H
2025-01-25,2024-25,1610612751,1610612748,BKN,MIA,97,106,A
2025-01-25,2024-25,1610612752,1610612758,NYK,SAC,143,120,H
2025-01-25,2024-25,1610612753,1610612765,ORL,DET,121,113,H
2025-01-25,2024-25,1610612756,1610612764,PHX,WAS,119,109,H
2025-01-25,2024-25,1610612759,1610612754,SAS,IND,98,136,A
2025-01-25,2024-25,1610612763,1610612762,MEM,UTA,125,103,H
2025-01-25,2024-25,1610612766,1610612740,CHA,NOP,123,92,H
2025-01-26,2024-25,1610612757,1610612760,POR,OKC,108,118,A
2025-01-27,2024-25,1610612738,1610612745,BOS,HOU,112,114,A
2025-01-27,2024-25,1610612739,1610612765,CLE,DET,110,91,H
2025-01-27,2024-25,1610612741,1610612743,CHI,DEN,129,121,H
2025-01-27,2024-25,1610612742,1610612764,DAL,WAS,130,108,H
2025-01-27,2024-25,1610612748,1610612753,MIA,ORL,125,119,H
2025-01-27,2024-25,1610612750,1610612737,MIN,ATL,100,92,H
2025-01-27,2024-25,1610612751,1610612758,BKN,SAC,96,110,A
2025-01-27,2024-25,1610612752,1610612763,NYK,MEM,143,106,H
2025-01-27,2024-25,1610612756,1610612746,PHX,LAC,111,109,H
2025-01-27,2024-25,1610612761,1610612740,TOR,NOP,113,104,H
2025-01-27,2024-25,1610612762,1610612749,UTA,MIL,110,125,A
2025-01-27,2024-25,1610612766,1610612747,CHA,LAL,107,112,A
2025-01-28,2024-25,1610612737,1610612745,ATL,HOU,96,100,A
2025-01-28,2024-25,1610612744,1610612762,GSW,UTA,114,103,H
2025-01-28,2024-25,1610612755,1610612747,PHI,LAL,118,104,H
2025-01-28,2024-25,1610612757,1610612749,POR,MIL,125,112,H
2025-01-29,2024-25,1610612738,1610612741,BOS,CHI,122,100,H
2025-01-29,2024-25,1610612740,1610612742,NOP,DAL,136,137,A
2025-01-29,2024-25,1610612744,1610612760,GSW,OKC,116,109,H
2025-01-29,2024-25,1610612748,1610612739,MIA,CLE,106,126,A
2025-01-29,2024-25,1610612752,1610612743,NYK,DEN,122,112,H
2025-01-29,2024-25,1610612754,1610612765,IND,DET,133,119,H
2025-01-29,2024-25,1610612755,1610612758,PHI,SAC,117,104,H
2025-01-29,2024-25,1610612756,1610612750,PHX,MIN,113,121,A
2025-01-29,2024-25,1610612759,1610612746,SAS,LAC,116,128,A
2025-01-29,2024-25,1610612764,1610612761,WAS,TOR,82,106,A
2025-01-29,2024-25,1610612766,1610612751,CHA,BKN,83,104,A
2025-01-30,2024-25,1610612739,1610612737,CLE,ATL,137,115,H
2025-01-30,2024-25,1610612757,1610612753,POR,ORL,119,90,H
2025-01-30,2024-25,1610612762,1610612750,UTA,MIN,113,138,A
2025-01-30,2024-25,1610612763,1610612745,MEM,HOU,120,119,H
2025-01-30,2024-25,1610612764,1610612747,WAS,LAL,96,134,A
2025-01-31,2024-25,1610612740,1610612738,NOP,BOS,116,118,A
2025-01-31,2024-25,1610612744,1610612756,GSW,PHX,105,130,A
2025-01-31,2024-25,1610612755,1610612743,PHI,DEN,134,137,A
2025-01-31,2024-25,1610612759,1610612749,SAS,MIL,144,118,H
2025-01-31,2024-25,1610612761,1610612741,TOR,CHI,106,122,A
2025-01-31,2024-25,1610612765,1610612742,DET,DAL,117,102,H
2025-01-31,2024-25,1610612766,1610612746,CHA,LAC,104,112,A
2025-02-01,2024-25,1610612745,1610612751,HOU,BKN,98,110,A
2025-02-01,2024-25,1610612750,1610612764,MIN,WAS,103,105,A
2025-02-01,2024-25,1610612752,1610612747,NYK,LAL,112,128,A
2025-02-01,2024-25,1610612754,1610612737,IND,ATL,132,127,H
2025-02-01,2024-25,1610612757,1610612756,POR,PHX,127,108,H
2025-02-01,2024-25,1610612759,1610612748,SAS,MIA,103,105,A
2025-02-01,2024-25,1610612760,1610612758,OKC,SAC,144,110,H
2025-02-01,2024-25,1610612762,1610612753,UTA,ORL,113,99,H
2025-02-01,2024-25,1610612766,1610612743,CHA,DEN,104,107,A
2025-02-02,2024-25,1610612739,1610612742,CLE,DAL,144,101,H
2025-02-02,2024-25,1610612749,1610612763,MIL,MEM,119,132,A
2025-02-02,2024-25,1610612755,1610612738,PHI,BOS,110,118,A
2025-02-02,2024-25,1610612761,1610612746,TOR,LAC,115,108,H
2025-02-02,2024-25,1610612765,1610612741,DET,CHI,127,119,H
2025-02-03,2024-25,1610612743,1610612740,DEN,NOP,125,113,H
2025-02-03,2024-25,1610612744,1610612753,GSW,ORL,104,99,H
2025-02-03,2024-25,1610612750,1610612758,MIN,SAC,114,116,A
2025-02-03,2024-25,1610612752,1610612745,NYK,HOU,124,118,H
2025-02-03,2024-25,1610612757,1610612756,POR,PHX,121,119,H
2025-02-03,2024-25,1610612760,1610612749,OKC,MIL,125,96,H
2025-02-03,2024-25,1610612762,1610612754,UTA,IND,111,112,A
2025-02-03,2024-25,1610612763,1610612759,MEM,SAS,128,109,H
2025-02-03,2024-25,1610612765,1610612737,DET,ATL,130,132,A
2025-02-03,2024-25,1610612766,1610612764,CHA,WAS,114,124,A
2025-02-04,2024-25,1610612739,1610612738,CLE,BOS,105,112,A
2025-02-04,2024-25,1610612741,1610612748,CHI,MIA,133,124,H
2025-02-04,2024-25,1610612746,1610612747,LAC,LAL,97,122,A
2025-02-04,2024-25,1610612751,1610612745,BKN,HOU,99,97,H
2025-02-04,2024-25,1610612755,1610612742,PHI,DAL,118,116,H
2025-02-04,2024-25,1610612757,1610612754,POR,IND,112,89,H
2025-02-04,2024-25,1610612761,1610612752,TOR,NYK,115,121,A
2025-02-05,2024-25,1610612737,1610612759,ATL,SAS,125,126,A
2025-02-05,2024-25,1610612743,1610612740,DEN,NOP,144,119,H
2025-02-05,2024-25,1610612750,1610612741,MIN,CHI,127,108,H
2025-02-05,2024-25,1610612751,1610612764,BKN,WAS,102,119,A
2025-02-05,2024-25,1610612755,1610612748,PHI,MIA,101,108,A
2025-02-05,2024-25,1610612758,1610612753,SAC,ORL,111,130,A
2025-02-05,2024-25,1610612760,1610612756,OKC,PHX,140,109,H
2025-02-05,2024-25,1610612761,1610612763,TOR,MEM,107,138,A
2025-02-05,2024-25,1610612762,1610612744,UTA,GSW,131,128,H
2025-02-05,2024-25,1610612765,1610612739,DET,CLE,115,118,A
2025-02-05,2024-25,1610612766,1610612749,CHA,MIL,102,112,A
2025-02-06,2024-25,1610612738,1610612742,BOS,DAL,120,127,A
2025-02-06,2024-25,1610612743,1610612753,DEN,ORL,112,90,H
2025-02-06,2024-25,1610612746,1610612754,LAC,IND,112,119,A
2025-02-06,2024-25,1610612747,1610612744,LAL,GSW,120,112,H
2025-02-06,2024-25,1610612750,1610612745,MIN,HOU,127,114,H
2025-02-06,2024-25,1610612757,1610612758,POR,SAC,108,102,H
2025-02-07,2024-25,1610612737,1610612749,ATL,MIL,115,110,H
2025-02-07,2024-25,1610612751,1610612748,BKN,MIA,102,86,H
2025-02-07,2024-25,1610612756,1610612762,PHX,UTA,135,127,H
2025-02-07,2024-25,1610612760,1610612761,OKC,TOR,121,109,H
2025-02-07,2024-25,1610612764,1610612739,WAS,CLE,124,134,A
2025-02-07,2024-25,1610612765,1610612755,DET,PHI,125,112,H
2025-02-07,2024-25,1610612766,1610612759,CHA,SAS,117,116,H
2025-02-08,2024-25,1610612741,1610612744,CHI,GSW,111,132,A
2025-02-08,2024-25,1610612742,1610612745,DAL,HOU,116,105,H
2025-02-08,2024-25,1610612746,1610612762,LAC,UTA,130,110,H
2025-02-08,2024-25,1610612747,1610612754,LAL,IND,124,117,H
2025-02-08,2024-25,1610612750,1610612757,MIN,POR,114,98,H
2025-02-08,2024-25,1610612752,1610612738,NYK,BOS,104,131,A
2025-02-08,2024-25,1610612753,1610612759,ORL,SAS,112,111,H
2025-02-08,2024-25,1610612756,1610612743,PHX,DEN,105,122,A
2025-02-08,2024-25,1610612758,1610612740,SAC,NOP,123,118,H
2025-02-08,2024-25,1610612763,1610612760,MEM,OKC,112,125,A
2025-02-08,2024-25,1610612764,1610612737,WAS,ATL,111,125,A
2025-02-09,2024-25,1610612745,1610612761,HOU,TOR,94,87,H
2025-02-09,2024-25,1610612749,1610612755,MIL,PHI,135,127,H
2025-02-09,2024-25,1610612765,1610612766,DET,CHA,112,102,H
2025-02-10,2024-25,1610612739,1610612750,CLE,MIN,128,107,H
2025-02-10,2024-25,1610612742,1610612758,DAL,SAC,128,129,A
2025-02-10,2024-25,1610612743,1610612757,DEN,POR,146,117,H
2025-02-10,2024-25,1610612747,1610612762,LAL,UTA,132,113,H
2025-02-10,2024-25,1610612748,1610612738,MIA,BOS,85,103,A
2025-02-10,2024-25,1610612749,1610612744,MIL,GSW,111,125,A
2025-02-10,2024-25,1610612751,1610612766,BKN,CHA,97,89,H
2025-02-10,2024-25,1610612753,1610612737,ORL,ATL,106,112,A
2025-02-10,2024-25,1610612760,1610612740,OKC,NOP,137,101,H
2025-02-10,2024-25,1610612764,1610612759,WAS,SAS,121,131,A
2025-02-11,2024-25,1610612741,1610612765,CHI,DET,92,132,A
2025-02-11,2024-25,1610612754,1610612752,IND,NYK,115,128,A
2025-02-11,2024-25,1610612755,1610612761,PHI,TOR,103,106,A
2025-02-11,2024-25,1610612756,1610612763,PHX,MEM,112,119,A
2025-02-12,2024-25,1610612738,1610612759,BOS,SAS,116,103,H
2025-02-12,2024-25,1610612740,1610612758,NOP,SAC,111,119,A
2025-02-12,2024-25,1610612741,1610612765,CHI,DET,110,128,A
2025-02-12,2024-25,1610612742,1610612744,DAL,GSW,111,107,H
2025-02-12,2024-25,1610612743,1610612757,DEN,POR,132,121,H
2025-02-12,2024-25,1610612745,1610612756,HOU,PHX,119,111,H
2025-02-12,2024-25,1610612746,1610612763,LAC,MEM,128,114,H
2025-02-12,2024-25,1610612750,1610612749,MIN,MIL,101,103,A
2025-02-12,2024-25,1610612751,1610612755,BKN,PHI,100,96,H
2025-02-12,2024-25,1610612752,1610612737,NYK,ATL,149,148,H
2025-02-12,2024-25,1610612753,1610612766,ORL,CHA,102,86,H
2025-02-12,2024-25,1610612760,1610612748,OKC,MIA,115,101,H
2025-02-12,2024-25,1610612761,1610612739,TOR,CLE,108,131,A
2025-02-12,2024-25,1610612762,1610612747,UTA,LAL,131,119,H
2025-02-12,2024-25,1610612764,1610612754,WAS,IND,130,134,A
2025-02-13,2024-25,1610612740,1610612758,NOP,SAC,140,133,H
2025-02-13,2024-25,1610612742,1610612748,DAL,MIA,118,113,H
2025-02-13,2024-25,1610612745,1610612744,HOU,GSW,98,105,A
2025-02-13,2024-25,1610612750,1610612760,MIN,OKC,116,101,H
2025-02-13,2024-25,1610612762,1610612746,UTA,LAC,116,120,A
2025-02-19,2024-25,1610612747,1610612766,LAL,CHA,97,100,A
2025-02-20,2024-25,1610612737,1610612753,ATL,ORL,108,114,A
2025-02-20,2024-25,1610612743,1610612766,DEN,CHA,129,115,H
2025-02-20,2024-25,1610612749,1610612746,MIL,LAC,116,110,H
2025-02-20,2024-25,1610612751,1610612739,BKN,CLE,97,110,A
2025-02-20,2024-25,1610612752,1610612741,NYK,CHI,113,111,H
2025-02-20,2024-25,1610612754,1610612763,IND,MEM,127,113,H
2025-02-20,2024-25,1610612755,1610612738,PHI,BOS,104,124,A
2025-02-20,2024-25,1610612757,1610612747,POR,LAL,102,110,A
2025-02-20,2024-25,1610612759,1610612756,SAS,PHX,120,109,H
2025-02-21,2024-25,1610612739,1610612752,CLE,NYK,142,105,H
2025-02-21,2024-25,1610612742,1610612740,DAL,NOP,111,103,H
2025-02-21,2024-25,1610612745,1610612750,HOU,MIN,121,115,H
2025-02-21,2024-25,1610612753,1610612763,ORL,MEM,104,105,A
2025-02-21,2024-25,1610612758,1610612744,SAC,GSW,108,132,A
2025-02-21,2024-25,1610612759,1610612765,SAS,DET,110,125,A
2025-02-21,2024-25,1610612761,1610612748,TOR,MIA,111,120,A
2025-02-21,2024-25,1610612762,1610612760,UTA,OKC,107,130,A
2025-02-21,2024-25,1610612764,1610612749,WAS,MIL,101,104,A
2025-02-22,2024-25,1610612741,1610612756,CHI,PHX,117,121,A
2025-02-22,2024-25,1610612743,1610612747,DEN,LAL,100,123,A
2025-02-22,2024-25,1610612755,1610612751,PHI,BKN,103,105,A
2025-02-22,2024-25,1610612757,1610612766,POR,CHA,141,88,H
2025-02-22,2024-25,1610612762,1610612745,UTA,HOU,124,115,H
2025-02-23,2024-25,1610612737,1610612765,ATL,DET,143,148,A
2025-02-23,2024-25,1610612738,1610612752,BOS,NYK,118,105,H
2025-02-23,2024-25,1610612739,1610612763,CLE,MEM,129,123,H
2025-02-23,2024-25,1610612740,1610612759,NOP,SAS,114,96,H
2025-02-23,2024-25,1610612744,1610612742,GSW,DAL,126,102,H
2025-02-23,2024-25,1610612749,1610612748,MIL,MIA,120,113,H
2025-02-23,2024-25,1610612750,1610612760,MIN,OKC,123,130,A
2025-02-23,2024-25,1610612753,1610612764,ORL,WAS,110,90,H
2025-02-23,2024-25,1610612754,1610612746,IND,LAC,129,111,H
2025-02-23,2024-25,1610612761,1610612756,TOR,PHX,127,109,H
2025-02-24,2024-25,1610612737,1610612748,ATL,MIA,98,86,H
2025-02-24,2024-25,1610612754,1610612743,IND,DEN,116,125,A
2025-02-24,2024-25,1610612755,1610612741,PHI,CHI,110,142,A
2025-02-24,2024-25,1610612758,1610612766,SAC,CHA,130,88,H
2025-02-24,2024-25,1610612760,1610612750,OKC,MIN,128,131,A
2025-02-24,2024-25,1610612762,1610612757,UTA,POR,112,114,A
2025-02-24,2024-25,1610612764,1610612751,WAS,BKN,107,99,H
2025-02-24,2024-25,1610612765,1610612746,DET,LAC,106,97,H
2025-02-25,2024-25,1610612740,1610612759,NOP,SAS,109,103,H
2025-02-25,2024-25,1610612744,1610612766,GSW,CHA,128,92,H
2025-02-25,2024-25,1610612745,1610612749,HOU,MIL,100,97,H
2025-02-25,2024-25,1610612747,1610612742,LAL,DAL,107,99,H
2025-02-25,2024-25,1610612753,1610612739,ORL,CLE,82,122,A
2025-02-25,2024-25,1610612761,1610612738,TOR,BOS,101,111,A
2025-02-25,2024-25,1610612763,1610612756,MEM,PHX,151,148,H
2025-02-26,2024-25,1610612741,1610612746,CHI,LAC,117,122,A
2025-02-26,2024-25,1610612745,1610612759,HOU,SAS,118,106,H
2025-02-26,2024-25,1610612748,1610612737,MIA,ATL,131,109,H
2025-02-26,2024-25,1610612751,1610612760,BKN,OKC,121,129,A
2025-02-26,2024-25,1610612752,1610612755,NYK,PHI,110,105,H
2025-02-26,2024-25,1610612754,1610612761,IND,TOR,111,91,H
2025-02-26,2024-25,1610612762,1610612758,UTA,SAC,101,118,A
2025-02-26,2024-25,1610612764,1610612757,WAS,POR,121,129,A
2025-02-26,2024-25,1610612765,1610612738,DET,BOS,117,97,H
2025-02-27,2024-25,1610612742,1610612766,DAL,CHA,103,96,H
2025-02-27,2024-25,1610612747,1610612750,LAL,MIN,111,102,H
2025-02-27,2024-25,1610612749,1610612743,MIL,DEN,121,112,H
2025-02-27,2024-25,1610612753,1610612744,ORL,GSW,115,121,A
2025-02-27,2024-25,1610612756,1610612740,PHX,NOP,116,124,A
2025-02-28,2024-25,1610612737,1610612760,ATL,OKC,119,135,A
2025-02-28,2024-25,1610612738,1610612739,BOS,CLE,116,123,A
2025-02-28,2024-25,1610612741,1610612761,CHI,TOR,125,115,H
2025-02-28,2024-25,1610612747,1610612746,LAL,LAC,106,102,H
2025-02-28,2024-25,1610612748,1610612754,MIA,IND,125,120,H
2025-02-28,2024-25,1610612751,1610612757,BKN,POR,102,121,A
2025-02-28,2024-25,1610612756,1610612740,PHX,NOP,125,108,H
2025-02-28,2024-25,1610612762,1610612750,UTA,MIN,117,116,H
2025-02-28,2024-25,1610612763,1610612752,MEM,NYK,113,114,A
2025-02-28,2024-25,1610612765,1610612743,DET,DEN,119,134,A
2025-03-01,2024-25,1610612742,1610612749,DAL,MIL,117,132,A
2025-03-01,2024-25,1610612745,1610612758,HOU,SAC,103,113,A
2025-03-01,2024-25,1610612755,1610612744,PHI,GSW,126,119,H
2025-03-01,2024-25,1610612763,1610612759,MEM,SAS,128,130,A
2025-03-01,2024-25,1610612765,1610612751,DET,BKN,115,94,H
2025-03-01,2024-25,1610612766,1610612764,CHA,WAS,100,113,A
2025-03-02,2024-25,1610612738,1610612743,BOS,DEN,110,103,H
2025-03-02,2024-25,1610612739,1610612757,CLE,POR,133,129,H
2025-03-02,2024-25,1610612747,1610612746,LAL,LAC,108,102,H
2025-03-02,2024-25,1610612748,1610612752,MIA,NYK,112,116,A
2025-03-02,2024-25,1610612753,1610612761,ORL,TOR,102,104,A
2025-03-02,2024-25,1610612754,1610612741,IND,CHI,127,112,H
2025-03-02,2024-25,1610612756,1610612750,PHX,MIN,98,116,A
2025-03-02,2024-25,1610612759,1610612760,SAS,OKC,132,146,A
2025-03-02,2024-25,1610612762,1610612740,UTA,NOP,121,128,A
2025-03-03,2024-25,1610612742,1610612758,DAL,SAC,98,122,A
2025-03-03,2024-25,1610612748,1610612764,MIA,WAS,106,90,H
2025-03-03,2024-25,1610612755,1610612757,PHI,POR,102,119,A
2025-03-03,2024-25,1610612760,1610612745,OKC,HOU,137,128,H
2025-03-03,2024-25,1610612762,1610612765,UTA,DET,106,134,A
2025-03-03,2024-25,1610612763,1610612737,MEM,ATL,130,132,A
2025-03-03,2024-25,1610612766,1610612744,CHA,GSW,101,119,A
2025-03-04,2024-25,1610612737,1610612749,ATL,MIL,121,127,A
2025-03-04,2024-25,1610612741,1610612739,CHI,CLE,117,139,A
2025-03-04,2024-25,1610612747,1610612740,LAL,NOP,136,115,H
2025-03-04,2024-25,1610612750,1610612755,MIN,PHI,126,112,H
2025-03-04,2024-25,1610612752,1610612744,NYK,GSW,102,114,A
2025-03-04,2024-25,1610612753,1610612761,ORL,TOR,113,114,A
2025-03-04,2024-25,1610612754,1610612745,IND,HOU,115,102,H
2025-03-04,2024-25,1610612756,1610612746,PHX,LAC,119,117,H
2025-03-04,2024-25,1610612759,1610612751,SAS,BKN,127,113,H
2025-03-05,2024-25,1610612738,1610612757,BOS,POR,128,118,H
2025-03-05,2024-25,1610612739,1610612748,CLE,MIA,112,107,H
2025-03-05,2024-25,1610612743,1610612758,DEN,SAC,116,110,H
2025-03-05,2024-25,1610612746,1610612765,LAC,DET,123,115,H
2025-03-05,2024-25,1610612749,1610612742,MIL,DAL,137,107,H
2025-03-05,2024-25,1610612763,1610612760,MEM,OKC,103,120,A
2025-03-05,2024-25,1610612764,1610612762,WAS,UTA,125,122,H
2025-03-05,2024-25,1610612766,1610612750,CHA,MIN,110,125,A
2025-03-06,2024-25,1610612737,1610612754,ATL,IND,124,118,H
2025-03-06,2024-25,1610612738,1610612755,BOS,PHI,123,105,H
2025-03-06,2024-25,1610612740,1610612745,NOP,HOU,97,109,A
2025-03-06,2024-25,1610612747,1610612752,LAL,NYK,113,109,H
2025-03-06,2024-25,1610612751,1610612744,BKN,GSW,119,121,A
2025-03-06,2024-25,1610612753,1610612741,ORL,CHI,123,125,A
2025-03-07,2024-25,1610612742,1610612763,DAL,MEM,111,122,A
2025-03-07,2024-25,1610612743,1610612756,DEN,PHX,149,141,H
2025-03-07,2024-25,1610612746,1610612752,LAC,NYK,105,95,H
2025-03-07,2024-25,1610612748,1610612750,MIA,MIN,104,106,A
2025-03-07,2024-25,1610612758,1610612759,SAC,SAS,127,109,H
2025-03-07,2024-25,1610612760,1610612757,OKC,POR,107,89,H
2025-03-07,2024-25,1610612761,1610612762,TOR,UTA,118,109,H
2025-03-07,2024-25,1610612766,1610612739,CHA,CLE,117,118,A
2025-03-08,2024-25,1610612737,1610612754,ATL,IND,120,118,H
2025-03-08,2024-25,1610612738,1610612747,BOS,LAL,111,101,H
2025-03-08,2024-25,1610612744,1610612765,GSW,DET,115,110,H
2025-03-08,2024-25,1610612745,1610612740,HOU,NOP,146,117,H
2025-03-08,2024-25,1610612748,1610612741,MIA,CHI,109,114,A
2025-03-08,2024-25,1610612749,1610612753,MIL,ORL,109,111,A
2025-03-08,2024-25,1610612761,1610612764,TOR,WAS,117,118,A
2025-03-08,2024-25,1610612766,1610612751,CHA,BKN,105,102,H
2025-03-09,2024-25,1610612740,1610612763,NOP,MEM,104,107,A
2025-03-09,2024-25,1610612742,1610612756,DAL,PHX,116,125,A
2025-03-09,2024-25,1610612746,1610612758,LAC,SAC,111,110,H
2025-03-09,2024-25,1610612749,1610612739,MIL,CLE,100,112,A
2025-03-09,2024-25,1610612750,1610612759,MIN,SAS,141,124,H
2025-03-09,2024-25,1610612755,1610612762,PHI,UTA,126,122,H
2025-03-09,2024-25,1610612757,1610612765,POR,DET,112,119,A
2025-03-09,2024-25,1610612760,1610612743,OKC,DEN,127,103,H
2025-03-10,2024-25,1610612737,1610612755,ATL,PHI,132,123,H
2025-03-10,2024-25,1610612738,1610612762,BOS,UTA,114,108,H
2025-03-10,2024-25,1610612741,1610612754,CHI,IND,121,103,H
2025-03-10,2024-25,1610612744,1610612757,GSW,POR,130,120,H
2025-03-10,2024-25,1610612745,1610612753,HOU,ORL,97,84,H
2025-03-10,2024-25,1610612748,1610612766,MIA,CHA,102,105,A
2025-03-10,2024-25,1610612751,1610612747,BKN,LAL,111,108,H
2025-03-10,2024-25,1610612758,1610612752,SAC,NYK,104,133,A
2025-03-10,2024-25,1610612759,1610612742,SAS,DAL,129,133,A
2025-03-10,2024-25,1610612760,1610612743,OKC,DEN,127,140,A
2025-03-10,2024-25,1610612761,1610612764,TOR,WAS,119,104,H
2025-03-10,2024-25,1610612763,1610612756,MEM,PHX,120,118,H
2025-03-11,2024-25,1610612739,1610612751,CLE,BKN,109,104,H
2025-03-11,2024-25,1610612740,1610612746,NOP,LAC,127,120,H
2025-03-11,2024-25,1610612754,1610612749,IND,MIL,115,114,H
2025-03-11,2024-25,1610612765,1610612764,DET,WAS,123,103,H
2025-03-12,2024-25,1610612737,1610612766,ATL,CHA,123,110,H
2025-03-12,2024-25,1610612738,1610612760,BOS,OKC,112,118,A
2025-03-12,2024-25,1610612743,1610612750,DEN,MIN,95,115,A
2025-03-12,2024-25,1610612745,1610612756,HOU,PHX,111,104,H
2025-03-12,2024-25,1610612748,1610612746,MIA,LAC,104,119,A
2025-03-12,2024-25,1610612757,1610612752,POR,NYK,113,114,A
2025-03-12,2024-25,1610612759,1610612742,SAS,DAL,126,116,H
2025-03-12,2024-25,1610612761,1610612755,TOR,PHI,118,105,H
2025-03-12,2024-25,1610612763,1610612762,MEM,UTA,122,115,H
2025-03-13,2024-25,1610612740,1610612753,NOP,ORL,93,113,A
2025-03-13,2024-25,1610612741,1610612751,CHI,BKN,116,110,H
2025-03-13,2024-25,1610612744,1610612758,GSW,SAC,130,104,H
2025-03-13,2024-25,1610612749,1610612747,MIL,LAL,126,106,H
2025-03-13,2024-25,1610612765,1610612764,DET,WAS,125,129,A
2025-03-14,2024-25,1610612737,1610612746,ATL,LAC,98,121,A
2025-03-14,2024-25,1610612743,1610612747,DEN,LAL,131,126,H
2025-03-14,2024-25,1610612745,1610612742,HOU,DAL,133,96,H
2025-03-14,2024-25,1610612748,1610612738,MIA,BOS,91,103,A
2025-03-14,2024-25,1610612750,1610612753,MIN,ORL,118,111,H
2025-03-14,2024-25,1610612755,1610612754,PHI,IND,100,112,A
2025-03-14,2024-25,1610612756,1610612758,PHX,SAC,122,106,H
2025-03-14,2024-25,1610612759,1610612766,SAS,CHA,134,145,A
2025-03-14,2024-25,1610612762,1610612761,UTA,TOR,118,126,A
2025-03-14,2024-25,1610612763,1610612739,MEM,CLE,124,133,A
2025-03-15,2024-25,1610612743,1610612764,DEN,WAS,123,126,A
2025-03-15,2024-25,1610612744,1610612752,GSW,NYK,97,94,H
2025-03-15,2024-25,1610612745,1610612741,HOU,CHI,117,114,H
2025-03-15,2024-25,1610612749,1610612754,MIL,IND,126,119,H
2025-03-15,2024-25,1610612751,1610612738,BKN,BOS,113,115,A
2025-03-15,2024-25,1610612759,1610612740,SAS,NOP,119,115,H
2025-03-15,2024-25,1610612763,1610612748,MEM,MIA,125,91,H
2025-03-15,2024-25,1610612765,1610612760,DET,OKC,107,113,A
2025-03-16,2024-25,1610612739,1610612753,CLE,ORL,103,108,A
2025-03-16,2024-25,1610612742,1610612755,DAL,PHI,125,130,A
2025-03-16,2024-25,1610612746,1610612766,LAC,CHA,123,88,H
2025-03-16,2024-25,1610612747,1610612756,LAL,PHX,107,96,H
2025-03-16,2024-25,1610612749,1610612760,MIL,OKC,105,121,A
2025-03-16,2024-25,1610612750,1610612762,MIN,UTA,128,102,H
2025-03-16,2024-25,1610612751,1610612737,BKN,ATL,122,114,H
2025-03-16,2024-25,1610612757,1610612761,POR,TOR,105,102,H
2025-03-17,2024-25,1610612740,1610612765,NOP,DET,81,127,A
2025-03-17,2024-25,1610612744,1610612743,GSW,DEN,105,114,A
2025-03-17,2024-25,1610612745,1610612755,HOU,PHI,144,137,H
2025-03-17,2024-25,1610612747,1610612759,LAL,SAS,125,109,H
2025-03-17,2024-25,1610612750,1610612754,MIN,IND,130,132,A
2025-03-17,2024-25,1610612752,1610612748,NYK,MIA,116,95,H
2025-03-17,2024-25,1610612756,1610612761,PHX,TOR,129,89,H
2025-03-17,2024-25,1610612757,1610612764,POR,WAS,112,97,H
2025-03-17,2024-25,1610612758,1610612763,SAC,MEM,132,122,H
2025-03-17,2024-25,1610612762,1610612741,UTA,CHI,97,111,A
2025-03-18,2024-25,1610612738,1610612751,BOS,BKN,104,96,H
2025-03-18,2024-25,1610612744,1610612749,GSW,MIL,104,93,H
2025-03-18,2024-25,1610612746,1610612739,LAC,CLE,132,119,H
2025-03-18,2024-25,1610612766,1610612737,CHA,ATL,102,134,A
2025-03-19,2024-25,1610612747,1610612743,LAL,DEN,120,108,H
2025-03-19,2024-25,1610612748,1610612765,MIA,DET,113,116,A
2025-03-19,2024-25,1610612750,1610612740,MIN,NOP,115,119,A
2025-03-19,2024-25,1610612753,1610612745,ORL,HOU,108,116,A
2025-03-19,2024-25,1610612754,1610612742,IND,DAL,135,131,H
2025-03-19,2024-25,1610612756,1610612741,PHX,CHI,127,121,H
2025-03-19,2024-25,1610612757,1610612763,POR,MEM,115,99,H
2025-03-19,2024-25,1610612758,1610612739,SAC,CLE,123,119,H
2025-03-19,2024-25,1610612759,1610612752,SAS,NYK,120,105,H
2025-03-19,2024-25,1610612760,1610612755,OKC,PHI,133,100,H
2025-03-19,2024-25,1610612762,1610612764,UTA,WAS,128,112,H
2025-03-20,2024-25,1610612744,1610612761,GSW,TOR,117,114,H
2025-03-20,2024-25,1610612747,1610612749,LAL,MIL,89,118,A
2025-03-20,2024-25,1610612754,1610612751,IND,BKN,105,99,H
2025-03-20,2024-25,1610612758,1610612741,SAC,CHI,116,128,A
2025-03-20,2024-25,1610612766,1610612752,CHA,NYK,115,98,H
2025-03-21,2024-25,1610612742,1610612765,DAL,DET,123,117,H
2025-03-21,2024-25,1610612746,1610612763,LAC,MEM,128,108,H
2025-03-21,2024-25,1610612748,1610612745,MIA,HOU,98,102,A
2025-03-21,2024-25,1610612750,1610612740,MIN,NOP,134,93,H
2025-03-21,2024-25,1610612756,1610612739,PHX,CLE,123,112,H
2025-03-21,2024-25,1610612757,1610612743,POR,DEN,128,109,H
2025-03-21,2024-25,1610612759,1610612755,SAS,PHI,128,120,H
2025-03-21,2024-25,1610612760,1610612766,OKC,CHA,141,106,H
2025-03-21,2024-25,1610612762,1610612738,UTA,BOS,99,121,A
2025-03-21,2024-25,1610612764,1610612753,WAS,ORL,105,120,A
2025-03-22,2024-25,1610612737,1610612744,ATL,GSW,124,115,H
2025-03-22,2024-25,1610612747,1610612741,LAL,CHI,115,146,A
2025-03-22,2024-25,1610612752,1610612764,NYK,WAS,122,103,H
2025-03-22,2024-25,1610612754,1610612751,IND,BKN,108,103,H
2025-03-22,2024-25,1610612758,1610612749,SAC,MIL,108,114,A
2025-03-23,2024-25,1610612737,1610612755,ATL,PHI,132,119,H
2025-03-23,2024-25,1610612745,1610612743,HOU,DEN,111,116,A
2025-03-23,2024-25,1610612746,1610612760,LAC,OKC,101,103,A
2025-03-23,2024-25,1610612748,1610612766,MIA,CHA,122,105,H
2025-03-23,2024-25,1610612757,1610612738,POR,BOS,116,129,A
2025-03-23,2024-25,1610612761,1610612759,TOR,SAS,89,123,A
2025-03-23,2024-25,1610612762,1610612739,UTA,CLE,91,120,A
2025-03-23,2024-25,1610612765,1610612740,DET,NOP,136,130,H
2025-03-24,2024-25,1610612740,1610612755,NOP,PHI,112,99,H
2025-03-24,2024-25,1610612743,1610612741,DEN,CHI,119,129,A
2025-03-24,2024-25,1610612751,1610612742,BKN,DAL,101,120,A
2025-03-24,2024-25,1610612753,1610612747,ORL,LAL,118,106,H
2025-03-24,2024-25,1610612754,1610612750,IND,MIN,119,103,H
2025-03-24,2024-25,1610612756,1610612749,PHX,MIL,108,106,H
2025-03-24,2024-25,1610612758,1610612738,SAC,BOS,95,113,A
2025-03-24,2024-25,1610612764,1610612761,WAS,TOR,104,112,A
2025-03-25,2024-25,1610612745,1610612737,HOU,ATL,121,114,H
2025-03-25,2024-25,1610612748,1610612744,MIA,GSW,112,86,H
2025-03-25,2024-25,1610612752,1610612742,NYK,DAL,128,113,H
2025-03-25,2024-25,1610612757,1610612739,POR,CLE,111,122,A
2025-03-25,2024-25,1610612758,1610612760,SAC,OKC,105,121,A
2025-03-25,2024-25,1610612762,1610612763,UTA,MEM,103,140,A
2025-03-25,2024-25,1610612765,1610612759,DET,SAS,122,96,H
2025-03-25,2024-25,1610612766,1610612753,CHA,ORL,104,111,A
2025-03-26,2024-25,1610612743,1610612749,DEN,MIL,127,117,H
2025-03-26,2024-25,1610612751,1610612761,BKN,TOR,86,116,A
2025-03-26,2024-25,1610612752,1610612746,NYK,LAC,113,126,A
2025-03-26,2024-25,1610612754,1610612747,IND,LAL,119,120,A
2025-03-26,2024-25,1610612755,1610612764,PHI,WAS,114,119,A
2025-03-26,2024-25,1610612756,1610612738,PHX,BOS,102,132,A
2025-03-27,2024-25,1610612739,1610612759,CLE,SAS,124,116,H
2025-03-27,2024-25,1610612741,1610612747,CHI,LAL,119,117,H
2025-03-27,2024-25,1610612748,1610612737,MIA,ATL,122,112,H
2025-03-27,2024-25,1610612753,1610612742,ORL,DAL,92,101,A
2025-03-27,2024-25,1610612758,1610612757,SAC,POR,128,107,H
2025-03-27,2024-25,1610612760,1610612763,OKC,MEM,125,104,H
2025-03-27,2024-25,1610612762,1610612745,UTA,HOU,110,121,A
2025-03-27,2024-25,1610612764,1610612754,WAS,IND,109,162,A
2025-03-28,2024-25,1610612740,1610612744,NOP,GSW,95,111,A
2025-03-28,2024-25,1610612743,1610612762,DEN,UTA,129,93,H
2025-03-28,2024-25,1610612749,1610612752,MIL,NYK,107,116,A
2025-03-28,2024-25,1610612750,1610612756,MIN,PHX,124,109,H
2025-03-28,2024-25,1610612751,1610612746,BKN,LAC,100,132,A
2025-03-28,2024-25,1610612761,1610612766,TOR,CHA,108,97,H
2025-03-28,2024-25,1610612765,1610612739,DET,CLE,133,122,H
2025-03-29,2024-25,1610612741,1610612742,CHI,DAL,119,120,A
2025-03-29,2024-25,1610612753,1610612758,ORL,SAC,121,91,H
2025-03-29,2024-25,1610612755,1610612748,PHI,MIA,95,118,A
2025-03-29,2024-25,1610612759,1610612738,SAS,BOS,111,121,A
2025-03-29,2024-25,1610612760,1610612754,OKC,IND,132,111,H
2025-03-29,2024-25,1610612763,1610612747,MEM,LAL,127,134,A
2025-03-29,2024-25,1610612764,1610612751,WAS,BKN,112,115,A
2025-03-30,2024-25,1610612739,1610612746,CLE,LAC,127,122,H
2025-03-30,2024-25,1610612740,1610612766,NOP,CHA,98,94,H
2025-03-30,2024-25,1610612749,1610612737,MIL,ATL,124,145,A
2025-03-30,2024-25,1610612750,1610612765,MIN,DET,123,104,H
2025-03-30,2024-25,1610612752,1610612757,NYK,POR,110,93,H
2025-03-30,2024-25,1610612755,1610612761,PHI,TOR,109,127,A
2025-03-30,2024-25,1610612756,1610612745,PHX,HOU,109,148,A
2025-03-30,2024-25,1610612759,1610612744,SAS,GSW,106,148,A
2025-03-31,2024-25,1610612742,1610612751,DAL,BKN,109,113,A
2025-03-31,2024-25,1610612747,1610612745,LAL,HOU,104,98,H
2025-03-31,2024-25,1610612753,1610612746,ORL,LAC,87,96,A
2025-03-31,2024-25,1610612754,1610612758,IND,SAC,111,109,H
2025-03-31,2024-25,1610612760,1610612741,OKC,CHI,145,117,H
2025-03-31,2024-25,1610612763,1610612738,MEM,BOS,103,117,A
2025-03-31,2024-25,1610612764,1610612748,WAS,MIA,94,120,A
2025-03-31,2024-25,1610612766,1610612762,CHA,UTA,110,106,H
2025-04-01,2024-25,1610612737,1610612757,ATL,POR,113,127,A
2025-04-01,2024-25,1610612741,1610612761,CHI,TOR,137,118,H
2025-04-01,2024-25,1610612743,1610612750,DEN,MIN,139,140,A
2025-04-01,2024-25,1610612749,1610612756,MIL,PHX,133,123,H
2025-04-01,2024-25,1610612752,1610612755,NYK,PHI,105,91,H
2025-04-01,2024-25,1610612759,1610612753,SAS,ORL,105,116,A
2025-04-01,2024-25,1610612763,1610612744,MEM,GSW,125,134,A
2025-04-02,2024-25,1610612738,1610612748,BOS,MIA,103,124,A
2025-04-02,2024-25,1610612739,1610612752,CLE,NYK,124,105,H
2025-04-02,2024-25,1610612742,1610612737,DAL,ATL,120,118,H
2025-04-02,2024-25,1610612743,1610612759,DEN,SAS,106,113,A
2025-04-02,2024-25,1610612745,1610612762,HOU,UTA,143,105,H
2025-04-02,2024-25,1610612746,1610612740,LAC,NOP,114,98,H
2025-04-02,2024-25,1610612754,1610612766,IND,CHA,119,105,H
2025-04-02,2024-25,1610612760,1610612765,OKC,DET,119,103,H
2025-04-02,2024-25,1610612764,1610612758,WAS,SAC,116,111,H
2025-04-03,2024-25,1610612747,1610612744,LAL,GSW,116,123,A
2025-04-03,2024-25,1610612748,1610612763,MIA,MEM,108,110,A
2025-04-03,2024-25,1610612751,1610612750,BKN,MIN,90,105,A
2025-04-03,2024-25,1610612755,1610612749,PHI,MIL,113,126,A
2025-04-03,2024-25,1610612761,1610612757,TOR,POR,103,112,A
2025-04-03,2024-25,1610612764,1610612753,WAS,ORL,97,109,A
2025-04-04,2024-25,1610612738,1610612756,BOS,PHX,123,103,H
2025-04-04,2024-25,1610612741,1610612757,CHI,POR,118,113,H
2025-04-04,2024-25,1610612744,1610612743,GSW,DEN,118,104,H
2025-04-04,2024-25,1610612745,1610612760,HOU,OKC,125,111,H
2025-04-04,2024-25,1610612746,1610612742,LAC,DAL,114,91,H
2025-04-04,2024-25,1610612747,1610612740,LAL,NOP,124,108,H
2025-04-04,2024-25,1610612754,1610612762,IND,UTA,140,112,H
2025-04-04,2024-25,1610612759,1610612739,SAS,CLE,113,114,A
2025-04-04,2024-25,1610612761,1610612765,TOR,DET,105,117,A
2025-04-04,2024-25,1610612766,1610612758,CHA,SAC,102,125,A
2025-04-05,2024-25,1610612737,1610612752,ATL,NYK,105,121,A
2025-04-05,2024-25,1610612746,1610612742,LAC,DAL,135,104,H
2025-04-05,2024-25,1610612748,1610612749,MIA,MIL,115,121,A
2025-04-05,2024-25,1610612755,1610612750,PHI,MIN,109,114,A
2025-04-05,2024-25,1610612765,1610612763,DET,MEM,103,109,A
2025-04-06,2024-25,1610612737,1610612762,ATL,UTA,147,134,H
2025-04-06,2024-25,1610612738,1610612764,BOS,WAS,124,90,H
2025-04-06,2024-25,1610612739,1610612758,CLE,SAC,113,120,A
2025-04-06,2024-25,1610612740,1610612749,NOP,MIL,107,111,A
2025-04-06,2024-25,1610612743,1610612754,DEN,IND,120,125,A
2025-04-06,2024-25,1610612744,1610612745,GSW,HOU,96,106,A
2025-04-06,2024-25,1610612751,1610612761,BKN,TOR,109,120,A
2025-04-06,2024-25,1610612752,1610612756,NYK,PHX,112,98,H
2025-04-06,2024-25,1610612757,1610612759,POR,SAS,120,109,H
2025-04-06,2024-25,1610612760,1610612747,OKC,LAL,99,126,A
2025-04-06,2024-25,1610612766,1610612741,CHA,CHI,117,131,A
2025-04-07,2024-25,1610612748,1610612755,MIA,PHI,117,105,H
2025-04-07,2024-25,1610612765,1610612758,DET,SAC,117,127,A
2025-04-08,2024-25,1610612739,1610612741,CLE,CHI,135,113,H
2025-04-08,2024-25,1610612746,1610612759,LAC,SAS,122,117,H
2025-04-08,2024-25,1610612749,1610612750,MIL,MIN,110,103,H
2025-04-08,2024-25,1610612751,1610612740,BKN,NOP,119,114,H
2025-04-08,2024-25,1610612752,1610612738,NYK,BOS,117,119,A
2025-04-08,2024-25,1610612753,1610612737,ORL,ATL,119,112,H
2025-04-08,2024-25,1610612754,1610612764,IND,WAS,104,98,H
2025-04-08,2024-25,1610612756,1610612744,PHX,GSW,95,133,A
2025-04-08,2024-25,1610612760,1610612747,OKC,LAL,136,120,H
2025-04-08,2024-25,1610612766,1610612763,CHA,MEM,100,124,A
2025-04-09,2024-25,1610612741,1610612748,CHI,MIA,119,111,H
2025-04-09,2024-25,1610612742,1610612747,DAL,LAL,97,112,A
2025-04-09,2024-25,1610612744,1610612759,GSW,SAS,111,114,A
2025-04-09,2024-25,1610612746,1610612745,LAC,HOU,134,117,H
2025-04-09,2024-25,1610612753,1610612738,ORL,BOS,96,76,H
2025-04-09,2024-25,1610612756,1610612760,PHX,OKC,112,125,A
2025-04-09,2024-25,1610612758,1610612743,SAC,DEN,116,124,A
2025-04-09,2024-25,1610612761,1610612766,TOR,CHA,126,96,H
2025-04-09,2024-25,1610612762,1610612757,UTA,POR,133,126,H
2025-04-09,2024-25,1610612764,1610612755,WAS,PHI,103,122,A
2025-04-10,2024-25,1610612749,1610612740,MIL,NOP,136,111,H
2025-04-10,2024-25,1610612751,1610612737,BKN,ATL,109,133,A
2025-04-10,2024-25,1610612754,1610612739,IND,CLE,114,112,H
2025-04-10,2024-25,1610612763,1610612750,MEM,MIN,125,141,A
2025-04-10,2024-25,1610612765,1610612752,DET,NYK,115,106,H
2025-04-11,2024-25,1610612738,1610612766,BOS,CHA,130,94,H
2025-04-11,2024-25,1610612740,1610612748,NOP,MIA,104,153,A
2025-04-11,2024-25,1610612741,1610612764,CHI,WAS,119,89,H
2025-04-11,2024-25,1610612742,1610612761,DAL,TOR,124,102,H
2025-04-11,2024-25,1610612743,1610612763,DEN,MEM,117,109,H
2025-04-11,2024-25,1610612747,1610612745,LAL,HOU,140,109,H
2025-04-11,2024-25,1610612750,1610612751,MIN,BKN,117,91,H
2025-04-11,2024-25,1610612752,1610612739,NYK,CLE,102,108,A
2025-04-11,2024-25,1610612754,1610612753,IND,ORL,115,129,A
2025-04-11,2024-25,1610612755,1610612737,PHI,ATL,110,124,A
2025-04-11,2024-25,1610612756,1610612759,PHX,SAS,117,98,H
2025-04-11,2024-25,1610612757,1610612744,POR,GSW,86,103,A
2025-04-11,2024-25,1610612758,1610612746,SAC,LAC,100,101,A
2025-04-11,2024-25,1610612762,1610612760,UTA,OKC,111,145,A
2025-04-11,2024-25,1610612765,1610612749,DET,MIL,119,125,A
2025-04-13,2024-25,1610612737,1610612753,ATL,ORL,117,105,H
2025-04-13,2024-25,1610612738,1610612766,BOS,CHA,93,86,H
2025-04-13,2024-25,1610612739,1610612754,CLE,IND,118,126,A
2025-04-13,2024-25,1610612740,1610612760,NOP,OKC,100,115,A
2025-04-13,2024-25,1610612744,1610612746,GSW,LAC,119,124,A
2025-04-13,2024-25,1610612745,1610612743,HOU,DEN,111,126,A
2025-04-13,2024-25,1610612748,1610612764,MIA,WAS,118,119,A
2025-04-13,2024-25,1610612749,1610612765,MIL,DET,140,133,H
2025-04-13,2024-25,1610612750,1610612762,MIN,UTA,116,105,H
2025-04-13,2024-25,1610612751,1610612752,BKN,NYK,105,113,A
2025-04-13,2024-25,1610612755,1610612741,PHI,CHI,102,122,A
2025-04-13,2024-25,1610612757,1610612747,POR,LAL,109,81,H
2025-04-13,2024-25,1610612758,1610612756,SAC,PHX,109,98,H
2025-04-13,2024-25,1610612759,1610612761,SAS,TOR,125,118,H
2025-04-13,2024-25,1610612763,1610612742,MEM,DAL,132,97,H
2025-10-21,2025-26,1610612747,1610612744,LAL,GSW,109,119,A
2025-10-21,2025-26,1610612760,1610612745,OKC,HOU,125,124,H
2025-10-22,2025-26,1610612737,1610612761,ATL,TOR,118,138,A
2025-10-22,2025-26,1610612738,1610612755,BOS,PHI,116,117,A
2025-10-22,2025-26,1610612741,1610612765,CHI,DET,115,111,H
2025-10-22,2025-26,1610612742,1610612759,DAL,SAS,92,125,A
2025-10-22,2025-26,1610612749,1610612764,MIL,WAS,133,120,H
2025-10-22,2025-26,1610612752,1610612739,NYK,CLE,119,111,H
2025-10-22,2025-26,1610612753,1610612748,ORL,MIA,125,121,H
2025-10-22,2025-26,1610612756,1610612758,PHX,SAC,120,116,H
2025-10-22,2025-26,1610612757,1610612750,POR,MIN,114,118,A
2025-10-22,2025-26,1610612762,1610612746,UTA,LAC,129,108,H
2025-10-22,2025-26,1610612763,1610612740,MEM,NOP,128,122,H
2025-10-22,2025-26,1610612766,1610612751,CHA,BKN,136,117,H
2025-10-23,2025-26,1610612744,1610612743,GSW,DEN,137,131,H
2025-10-23,2025-26,1610612754,1610612760,IND,OKC,135,141,A
2025-10-24,2025-26,1610612740,1610612759,NOP,SAS,116,120,A
2025-10-24,2025-26,1610612742,1610612764,DAL,WAS,107,117,A
2025-10-24,2025-26,1610612745,1610612765,HOU,DET,111,115,A
2025-10-24,2025-26,1610612746,1610612756,LAC,PHX,129,102,H
2025-10-24,2025-26,1610612747,1610612750,LAL,MIN,128,110,H
2025-10-24,2025-26,1610612751,1610612739,BKN,CLE,124,131,A
2025-10-24,2025-26,1610612752,1610612738,NYK,BOS,105,95,H
2025-10-24,2025-26,1610612753,1610612737,ORL,ATL,107,111,A
2025-10-24,2025-26,1610612757,1610612744,POR,GSW,139,119,H
2025-10-24,2025-26,1610612758,1610612762,SAC,UTA,105,104,H
2025-10-24,2025-26,1610612761,1610612749,TOR,MIL,116,122,A
2025-10-24,2025-26,1610612763,1610612748,MEM,MIA,114,146,A
2025-10-25,2025-26,1610612737,1610612760,ATL,OKC,100,117,A
2025-10-25,2025-26,1610612743,1610612756,DEN,PHX,133,111,H
2025-10-25,2025-26,1610612753,1610612741,ORL,CHI,98,110,A
2025-10-25,2025-26,1610612755,1610612766,PHI,CHA,125,121,H
2025-10-25,2025-26,1610612763,1610612754,MEM,IND,128,103,H
2025-10-26,2025-26,1610612739,1610612749,CLE,MIL,118,113,H
2025-10-26,2025-26,1610612742,1610612761,DAL,TOR,139,129,H
2025-10-26,2025-26,1610612746,1610612757,LAC,POR,114,107,H
2025-10-26,2025-26,1610612748,1610612752,MIA,NYK,115,107,H
2025-10-26,2025-26,1610612750,1610612754,MIN,IND,114,110,H
2025-10-26,2025-26,1610612758,1610612747,SAC,LAL,120,127,A
2025-10-26,2025-26,1610612759,1610612751,SAS,BKN,118,107,H
2025-10-26,2025-26,1610612764,1610612766,WAS,CHA,113,139,A
2025-10-26,2025-26,1610612765,1610612738,DET,BOS,119,113,H
2025-10-27,2025-26,1610612740,1610612738,NOP,BOS,90,122,A
2025-10-27,2025-26,1610612741,1610612737,CHI,ATL,128,123,H
2025-10-27,2025-26,1610612742,1610612760,DAL,OKC,94,101,A
2025-10-27,2025-26,1610612744,1610612763,GSW,MEM,131,118,H
2025-10-27,2025-26,1610612745,1610612751,HOU,BKN,137,109,H
2025-10-27,2025-26,1610612747,1610612757,LAL,POR,108,122,A
2025-10-27,2025-26,1610612750,1610612743,MIN,DEN,114,127,A
2025-10-27,2025-26,1610612755,1610612753,PHI,ORL,136,124,H
2025-10-27,2025-26,1610612759,1610612761,SAS,TOR,121,103,H
2025-10-27,2025-26,1610612762,1610612756,UTA,PHX,138,134,H
2025-10-27,2025-26,1610612765,1610612739,DET,CLE,95,116,A
2025-10-28,2025-26,1610612744,1610612746,GSW,LAC,98,79,H
2025-10-28,2025-26,1610612748,1610612766,MIA,CHA,144,117,H
2025-10-28,2025-26,1610612749,1610612752,MIL,NYK,121,111,H
2025-10-28,2025-26,1610612760,1610612758,OKC,SAC,107,101,H
2025-10-28,2025-26,1610612764,1610612755,WAS,PHI,134,139,A
2025-10-29,2025-26,1610612738,1610612739,BOS,CLE,125,105,H
2025-10-29,2025-26,1610612741,1610612758,CHI,SAC,126,113,H
2025-10-29,2025-26,1610612742,1610612754,DAL,IND,107,105,H
2025-10-29,2025-26,1610612743,1610612740,DEN,NOP,122,88,H
2025-10-29,2025-26,1610612750,1610612747,MIN,LAL,115,116,A
2025-10-29,2025-26,1610612751,1610612737,BKN,ATL,112,117,A
2025-10-29,2025-26,1610612756,1610612763,PHX,MEM,113,114,A
2025-10-29,2025-26,1610612761,1610612745,TOR,HOU,121,139,A
2025-10-29,2025-26,1610612762,1610612757,UTA,POR,134,136,A
2025-10-29,2025-26,1610612765,1610612753,DET,ORL,135,116,H
2025-10-30,2025-26,1610612749,1610612744,MIL,GSW,120,110,H
2025-10-30,2025-26,1610612759,1610612748,SAS,MIA,107,101,H
2025-10-30,2025-26,1610612760,1610612764,OKC,WAS,127,108,H
2025-10-30,2025-26,1610612766,1610612753,CHA,ORL,107,123,A
2025-10-31,2025-26,1610612739,1610612761,CLE,TOR,101,112,A
2025-10-31,2025-26,1610612741,1610612752,CHI,NYK,135,125,H
2025-10-31,2025-26,1610612746,1610612740,LAC,NOP,126,124,H
2025-10-31,2025-26,1610612754,1610612737,IND,ATL,108,128,A
2025-10-31,2025-26,1610612755,1610612738,PHI,BOS,108,109,A
2025-10-31,2025-26,1610612756,1610612762,PHX,UTA,118,96,H
2025-10-31,2025-26,1610612757,1610612743,POR,DEN,109,107,H
2025-10-31,2025-26,1610612763,1610612747,MEM,LAL,112,117,A
2025-11-01,2025-26,1610612738,1610612745,BOS,HOU,101,128,A
2025-11-01,2025-26,1610612749,1610612758,MIL,SAC,133,135,A
2025-11-01,2025-26,1610612754,1610612744,IND,GSW,114,109,H
2025-11-01,2025-26,1610612764,1610612753,WAS,ORL,94,125,A
2025-11-01,2025-26,1610612765,1610612742,DET,DAL,122,110,H
2025-11-01,2025-26,1610612766,1610612750,CHA,MIN,105,122,A
2025-11-02,2025-26,1610612739,1610612737,CLE,ATL,117,109,H
2025-11-02,2025-26,1610612747,1610612748,LAL,MIA,130,120,H
2025-11-02,2025-26,1610612751,1610612755,BKN,PHI,105,129,A
2025-11-02,2025-26,1610612752,1610612741,NYK,CHI,128,116,H
2025-11-02,2025-26,1610612756,1610612759,PHX,SAS,130,118,H
2025-11-02,2025-26,1610612760,1610612740,OKC,NOP,137,106,H
2025-11-02,2025-26,1610612761,1610612763,TOR,MEM,117,104,H
2025-11-02,2025-26,1610612766,1610612762,CHA,UTA,126,103,H
2025-11-03,2025-26,1610612738,1610612762,BOS,UTA,103,105,A
2025-11-03,2025-26,1610612743,1610612758,DEN,SAC,130,124,H
2025-11-03,2025-26,1610612745,1610612742,HOU,DAL,110,102,H
2025-11-03,2025-26,1610612746,1610612748,LAC,MIA,119,120,A
2025-11-03,2025-26,1610612751,1610612750,BKN,MIN,109,125,A
2025-11-03,2025-26,1610612752,1610612764,NYK,WAS,119,102,H
2025-11-03,2025-26,1610612754,1610612749,IND,MIL,115,117,A
2025-11-03,2025-26,1610612757,1610612747,POR,LAL,115,123,A
2025-11-03,2025-26,1610612763,1610612765,MEM,DET,106,114,A
2025-11-04,2025-26,1610612737,1610612753,ATL,ORL,127,112,H
2025-11-04,2025-26,1610612740,1610612766,NOP,CHA,116,112,H
2025-11-04,2025-26,1610612741,1610612755,CHI,PHI,113,111,H
2025-11-04,2025-26,1610612744,1610612756,GSW,PHX,118,107,H
2025-11-04,2025-26,1610612746,1610612760,LAC,OKC,107,126,A
2025-11-04,2025-26,1610612761,1610612749,TOR,MIL,128,100,H
2025-11-05,2025-26,1610612738,1610612764,BOS,WAS,136,107,H
2025-11-05,2025-26,1610612739,1610612755,CLE,PHI,132,121,H
2025-11-05,2025-26,1610612742,1610612740,DAL,NOP,99,101,A
2025-11-05,2025-26,1610612743,1610612748,DEN,MIA,122,112,H
2025-11-05,2025-26,1610612747,1610612759,LAL,SAS,118,116,H
2025-11-05,2025-26,1610612752,1610612750,NYK,MIN,137,114,H
2025-11-05,2025-26,1610612754,1610612751,IND,BKN,103,112,A
2025-11-05,2025-26,1610612757,1610612760,POR,OKC,121,119,H
2025-11-05,2025-26,1610612758,1610612744,SAC,GSW,121,116,H
2025-11-05,2025-26,1610612763,1610612745,MEM,HOU,109,124,A
2025-11-05,2025-26,1610612765,1610612762,DET,UTA,114,103,H
2025-11-06,2025-26,1610612756,1610612746,PHX,LAC,115,102,H
2025-11-07,2025-26,1610612737,1610612761,ATL,TOR,97,109,A
2025-11-07,2025-26,1610612743,1610612744,DEN,GSW,129,104,H
2025-11-07,2025-26,1610612748,1610612766,MIA,CHA,126,108,H
2025-11-07,2025-26,1610612749,1610612741,MIL,CHI,126,110,H
2025-11-07,2025-26,1610612750,1610612762,MIN,UTA,137,97,H
2025-11-07,2025-26,1610612751,1610612765,BKN,DET,107,125,A
2025-11-07,2025-26,1610612753,1610612738,ORL,BOS,123,110,H
2025-11-07,2025-26,1610612758,1610612760,SAC,OKC,101,132,A
2025-11-07,2025-26,1610612759,1610612745,SAS,HOU,121,110,H
2025-11-07,2025-26,1610612763,1610612742,MEM,DAL,118,104,H
2025-11-07,2025-26,1610612764,1610612739,WAS,CLE,115,148,A
2025-11-08,2025-26,1610612737,1610612747,ATL,LAL,122,102,H
2025-11-08,2025-26,1610612739,1610612741,CLE,CHI,128,122,H
2025-11-08,2025-26,1610612743,1610612754,DEN,IND,117,100,H
2025-11-08,2025-26,1610612746,1610612756,LAC,PHX,103,114,A
2025-11-08,2025-26,1610612748,1610612757,MIA,POR,136,131,H
2025-11-08,2025-26,1610612755,1610612761,PHI,TOR,130,120,H
2025-11-08,2025-26,1610612759,1610612740,SAS,NOP,126,119,H
2025-11-08,2025-26,1610612764,1610612742,WAS,DAL,105,111,A
2025-11-09,2025-26,1610612744,1610612754,GSW,IND,114,83,H
2025-11-09,2025-26,1610612749,1610612745,MIL,HOU,115,122,A
2025-11-09,2025-26,1610612752,1610612751,NYK,BKN,134,98,H
2025-11-09,2025-26,1610612753,1610612738,ORL,BOS,107,111,A
2025-11-09,2025-26,1610612755,1610612765,PHI,DET,108,111,A
2025-11-09,2025-26,1610612758,1610612750,SAC,MIN,117,144,A
2025-11-09,2025-26,1610612763,1610612760,MEM,OKC,100,114,A
2025-11-10,2025-26,1610612741,1610612759,CHI,SAS,117,121,A
2025-11-10,2025-26,1610612742,1610612749,DAL,MIL,114,116,A
2025-11-10,2025-26,1610612746,1610612737,LAC,ATL,102,105,A
2025-11-10,2025-26,1610612748,1610612739,MIA,CLE,140,138,H
2025-11-10,2025-26,1610612753,1610612757,ORL,POR,115,112,H
2025-11-10,2025-26,1610612756,1610612740,PHX,NOP,121,98,H
2025-11-10,2025-26,1610612762,1610612750,UTA,MIN,113,120,A
2025-11-10,2025-26,1610612765,1610612764,DET,WAS,137,135,H
2025-11-10,2025-26,1610612766,1610612747,CHA,LAL,111,121,A
2025-11-11,2025-26,1610612751,1610612761,BKN,TOR,109,119,A
2025-11-11,2025-26,1610612752,1610612763,NYK,MEM,133,120,H
2025-11-11,2025-26,1610612755,1610612738,PHI,BOS,102,100,H
2025-11-11,2025-26,1610612758,1610612743,SAC,DEN,108,122,A
2025-11-11,2025-26,1610612760,1610612744,OKC,GSW,126,102,H
2025-11-11,2025-26,1610612762,1610612754,UTA,IND,152,128,H
2025-11-12,2025-26,1610612738,1610612763,BOS,MEM,131,95,H
2025-11-12,2025-26,1610612740,1610612757,NOP,POR,117,125,A
2025-11-12,2025-26,1610612742,1610612756,DAL,PHX,114,123,A
2025-11-12,2025-26,1610612745,1610612764,HOU,WAS,135,112,H
2025-11-12,2025-26,1610612746,1610612743,LAC,DEN,116,130,A
2025-11-12,2025-26,1610612748,1610612739,MIA,CLE,116,130,A
2025-11-12,2025-26,1610612752,1610612753,NYK,ORL,107,124,A
2025-11-12,2025-26,1610612758,1610612737,SAC,ATL,100,133,A
2025-11-12,2025-26,1610612759,1610612744,SAS,GSW,120,125,A
2025-11-12,2025-26,1610612760,1610612747,OKC,LAL,121,92,H
2025-11-12,2025-26,1610612765,1610612741,DET,CHI,124,113,H
2025-11-12,2025-26,1610612766,1610612749,CHA,MIL,111,100,H
2025-11-13,2025-26,1610612739,1610612761,CLE,TOR,113,126,A
2025-11-13,2025-26,1610612756,1610612754,PHX,IND,133,98,H
2025-11-13,2025-26,1610612762,1610612737,UTA,ATL,122,132,A
2025-11-14,2025-26,1610612740,1610612747,NOP,LAL,104,118,A
2025-11-14,2025-26,1610612742,1610612746,DAL,LAC,127,133,A
2025-11-14,2025-26,1610612745,1610612757,HOU,POR,140,116,H
2025-11-14,2025-26,1610612749,1610612766,MIL,CHA,147,134,H
2025-11-14,2025-26,1610612750,1610612758,MIN,SAC,124,110,H
2025-11-14,2025-26,1610612752,1610612748,NYK,MIA,140,132,H
2025-11-14,2025-26,1610612753,1610612751,ORL,BKN,105,98,H
2025-11-14,2025-26,1610612759,1610612744,SAS,GSW,108,109,A
2025-11-14,2025-26,1610612765,1610612755,DET,PHI,114,105,H
2025-11-15,2025-26,1610612739,1610612763,CLE,MEM,108,100,H
2025-11-15,2025-26,1610612749,1610612747,MIL,LAL,95,119,A
2025-11-15,2025-26,1610612750,1610612743,MIN,DEN,112,123,A
2025-11-15,2025-26,1610612754,1610612761,IND,TOR,111,129,A
2025-11-15,2025-26,1610612766,1610612760,CHA,OKC,96,109,A
2025-11-16,2025-26,1610612738,1610612746,BOS,LAC,121,118,H
2025-11-16,2025-26,1610612740,1610612744,NOP,GSW,106,124,A
2025-11-16,2025-26,1610612742,1610612757,DAL,POR,138,133,H
2025-11-16,2025-26,1610612745,1610612753,HOU,ORL,117,113,H
2025-11-16,2025-26,1610612756,1610612737,PHX,ATL,122,124,A
2025-11-16,2025-26,1610612759,1610612758,SAS,SAC,123,110,H
2025-11-16,2025-26,1610612762,1610612741,UTA,CHI,150,147,H
2025-11-16,2025-26,1610612764,1610612751,WAS,BKN,106,129,A
2025-11-17,2025-26,1610612739,1610612749,CLE,MIL,118,106,H
2025-11-17,2025-26,1610612740,1610612760,NOP,OKC,109,126,A
2025-11-17,2025-26,1610612743,1610612741,DEN,CHI,127,130,A
2025-11-17,2025-26,1610612748,1610612752,MIA,NYK,115,113,H
2025-11-17,2025-26,1610612750,1610612742,MIN,DAL,120,96,H
2025-11-17,2025-26,1610612755,1610612746,PHI,LAC,110,108,H
2025-11-17,2025-26,1610612761,1610612766,TOR,CHA,110,108,H
2025-11-17,2025-26,1610612765,1610612754,DET,IND,127,112,H
2025-11-18,2025-26,1610612737,1610612765,ATL,DET,112,120,A
2025-11-18,2025-26,1610612747,1610612762,LAL,UTA,140,126,H
2025-11-18,2025-26,1610612751,1610612738,BKN,BOS,99,113,A
2025-11-18,2025-26,1610612753,1610612744,ORL,GSW,121,113,H
2025-11-18,2025-26,1610612757,1610612756,POR,PHX,110,127,A
2025-11-18,2025-26,1610612759,1610612763,SAS,MEM,111,101,H
2025-11-19,2025-26,1610612739,1610612745,CLE,HOU,104,114,A
2025-11-19,2025-26,1610612740,1610612743,NOP,DEN,118,125,A
2025-11-19,2025-26,1610612742,1610612752,DAL,NYK,111,113,A
2025-11-19,2025-26,1610612748,1610612744,MIA,GSW,110,96,H
2025-11-19,2025-26,1610612750,1610612764,MIN,WAS,120,109,H
2025-11-19,2025-26,1610612754,1610612766,IND,CHA,127,118,H
2025-11-19,2025-26,1610612755,1610612761,PHI,TOR,112,121,A
2025-11-19,2025-26,1610612757,1610612741,POR,CHI,121,122,A
2025-11-19,2025-26,1610612760,1610612758,OKC,SAC,113,99,H
2025-11-20,2025-26,1610612749,1610612755,MIL,PHI,114,123,A
2025-11-20,2025-26,1610612753,1610612746,ORL,LAC,129,101,H
2025-11-20,2025-26,1610612759,1610612737,SAS,ATL,135,126,H
2025-11-20,2025-26,1610612763,1610612758,MEM,SAC,137,96,H
2025-11-21,2025-26,1610612738,1610612751,BOS,BKN,105,113,A
2025-11-21,2025-26,1610612739,1610612754,CLE,IND,120,109,H
2025-11-21,2025-26,1610612741,1610612748,CHI,MIA,107,143,A
2025-11-21,2025-26,1610612742,1610612740,DAL,NOP,118,115,H
2025-11-21,2025-26,1610612744,1610612757,GSW,POR,123,127,A
2025-11-21,2025-26,1610612745,1610612743,HOU,DEN,109,112,A
2025-11-21,2025-26,1610612756,1610612750,PHX,MIN,114,113,H
2025-11-21,2025-26,1610612761,1610612764,TOR,WAS,140,110,H
2025-11-21,2025-26,1610612762,1610612760,UTA,OKC,112,144,A
2025-11-22,2025-26,1610612740,1610612737,NOP,ATL,98,115,A
2025-11-22,2025-26,1610612741,1610612764,CHI,WAS,121,120,H
2025-11-22,2025-26,1610612742,1610612763,DAL,MEM,96,102,A
2025-11-22,2025-26,1610612743,1610612758,DEN,SAC,123,128,A
2025-11-22,2025-26,1610612749,1610612765,MIL,DET,116,129,A
2025-11-22,2025-26,1610612753,1610612752,ORL,NYK,133,121,H
2025-11-22,2025-26,1610612766,1610612746,CHA,LAC,116,131,A
2025-11-23,2025-26,1610612737,1610612766,ATL,CHA,113,110,H
2025-11-23,2025-26,1610612738,1610612753,BOS,ORL,138,129,H
2025-11-23,2025-26,1610612739,1610612746,CLE,LAC,120,105,H
2025-11-23,2025-26,1610612755,1610612748,PHI,MIA,117,127,A
2025-11-23,2025-26,1610612756,1610612759,PHX,SAS,111,102,H
2025-11-23,2025-26,1610612760,1610612757,OKC,POR,122,95,H
2025-11-23,2025-26,1610612761,1610612751,TOR,BKN,119,109,H
2025-11-23,2025-26,1610612762,1610612747,UTA,LAL,106,108,A
2025-11-24,2025-26,1610612740,1610612741,NOP,CHI,143,130,H
2025-11-24,2025-26,1610612744,1610612762,GSW,UTA,134,117,H
2025-11-24,2025-26,1610612748,1610612742,MIA,DAL,106,102,H
2025-11-24,2025-26,1610612749,1610612757,MIL,POR,103,115,A
2025-11-24,2025-26,1610612751,1610612752,BKN,NYK,100,113,A
2025-11-24,2025-26,1610612754,1610612765,IND,DET,117,122,A
2025-11-24,2025-26,1610612756,1610612745,PHX,HOU,92,114,A
2025-11-24,2025-26,1610612758,1610612750,SAC,MIN,117,112,H
2025-11-24,2025-26,1610612761,1610612739,TOR,CLE,110,99,H
2025-11-24,2025-26,1610612763,1610612743,MEM,DEN,115,125,A
2025-11-25,2025-26,1610612747,1610612746,LAL,LAC,135,118,H
2025-11-25,2025-26,1610612755,1610612753,PHI,ORL,103,144,A
2025-11-25,2025-26,1610612764,1610612737,WAS,ATL,132,113,H
2025-11-26,2025-26,1610612738,1610612765,BOS,DET,117,114,H
2025-11-26,2025-26,1610612740,1610612763,NOP,MEM,128,133,A
2025-11-26,2025-26,1610612744,1610612745,GSW,HOU,100,104,A
2025-11-26,2025-26,1610612748,1610612749,MIA,MIL,106,103,H
2025-11-26,2025-26,1610612757,1610612759,POR,SAS,102,115,A
2025-11-26,2025-26,1610612758,1610612756,SAC,PHX,100,112,A
2025-11-26,2025-26,1610612760,1610612750,OKC,MIN,113,105,H
2025-11-26,2025-26,1610612761,1610612754,TOR,IND,97,95,H
2025-11-26,2025-26,1610612766,1610612752,CHA,NYK,101,129,A
2025-11-28,2025-26,1610612737,1610612739,ATL,CLE,130,123,H
2025-11-28,2025-26,1610612743,1610612759,DEN,SAS,136,139,A
2025-11-28,2025-26,1610612746,1610612763,LAC,MEM,107,112,A
2025-11-28,2025-26,1610612747,1610612742,LAL,DAL,129,119,H
2025-11-28,2025-26,1610612751,1610612755,BKN,PHI,103,115,A
2025-11-28,2025-26,1610612752,1610612749,NYK,MIL,118,109,H
2025-11-28,2025-26,1610612754,1610612764,IND,WAS,119,86,H
2025-11-28,2025-26,1610612760,1610612756,OKC,PHX,123,119,H
2025-11-28,2025-26,1610612762,1610612758,UTA,SAC,128,119,H
2025-11-28,2025-26,1610612765,1610612753,DET,ORL,109,112,A
2025-11-28,2025-26,1610612766,1610612741,CHA,CHI,123,116,H
2025-11-29,2025-26,1610612744,1610612740,GSW,NOP,104,96,H
2025-11-29,2025-26,1610612746,1610612742,LAC,DAL,110,114,A
2025-11-29,2025-26,1610612748,1610612765,MIA,DET,135,138,A
2025-11-29,2025-26,1610612749,1610612751,MIL,BKN,116,99,H
2025-11-29,2025-26,1610612750,1610612738,MIN,BOS,119,115,H
2025-11-29,2025-26,1610612754,1610612741,IND,CHI,103,101,H
2025-11-29,2025-26,1610612756,1610612743,PHX,DEN,112,130,A
2025-11-29,2025-26,1610612766,1610612761,CHA,TOR,118,111,H
2025-11-30,2025-26,1610612739,1610612738,CLE,BOS,115,117,A
2025-11-30,2025-26,1610612747,1610612740,LAL,NOP,133,121,H
2025-11-30,2025-26,1610612750,1610612759,MIN,SAS,125,112,H
2025-11-30,2025-26,1610612752,1610612761,NYK,TOR,116,94,H
2025-11-30,2025-26,1610612755,1610612737,PHI,ATL,134,142,A
2025-11-30,2025-26,1610612757,1610612760,POR,OKC,115,123,A
2025-11-30,2025-26,1610612758,1610612763,SAC,MEM,107,115,A
2025-11-30,2025-26,1610612762,1610612745,UTA,HOU,101,129,A
2025-12-01,2025-26,1610612743,1610612742,DEN,DAL,121,131,A
2025-12-01,2025-26,1610612747,1610612756,LAL,PHX,108,125,A
2025-12-01,2025-26,1610612748,1610612746,MIA,LAC,140,123,H
2025-12-01,2025-26,1610612751,1610612766,BKN,CHA,116,103,H
2025-12-01,2025-26,1610612753,1610612741,ORL,CHI,125,120,H
2025-12-01,2025-26,1610612754,1610612739,IND,CLE,119,135,A
2025-12-01,2025-26,1610612762,1610612745,UTA,HOU,133,125,H
2025-12-01,2025-26,1610612764,1610612749,WAS,MIL,129,126,H
2025-12-01,2025-26,1610612765,1610612737,DET,ATL,99,98,H
2025-12-02,2025-26,1610612738,1610612752,BOS,NYK,123,117,H
2025-12-02,2025-26,1610612740,1610612750,NOP,MIN,142,149,A
2025-12-02,2025-26,1610612744,1610612760,GSW,OKC,112,124,A
2025-12-02,2025-26,1610612755,1610612764,PHI,WAS,121,102,H
2025-12-02,2025-26,1610612759,1610612763,SAS,MEM,126,119,H
2025-12-02,2025-26,1610612761,1610612757,TOR,POR,121,118,H
2025-12-03,2025-26,1610612737,1610612746,ATL,LAC,92,115,A
2025-12-03,2025-26,1610612739,1610612757,CLE,POR,110,122,A
2025-12-03,2025-26,1610612741,1610612751,CHI,BKN,103,113,A
2025-12-03,2025-26,1610612742,1610612748,DAL,MIA,118,108,H
2025-12-03,2025-26,1610612745,1610612758,HOU,SAC,121,95,H
2025-12-03,2025-26,1610612749,1610612765,MIL,DET,113,109,H
2025-12-03,2025-26,1610612752,1610612766,NYK,CHA,119,104,H
2025-12-03,2025-26,1610612753,1610612759,ORL,SAS,112,114,A
2025-12-03,2025-26,1610612754,1610612743,IND,DEN,120,135,A
2025-12-04,2025-26,1610612740,1610612750,NOP,MIN,116,125,A
2025-12-04,2025-26,1610612751,1610612762,BKN,UTA,110,123,A
2025-12-04,2025-26,1610612755,1610612744,PHI,GSW,99,98,H
2025-12-04,2025-26,1610612761,1610612747,TOR,LAL,120,123,A
2025-12-04,2025-26,1610612764,1610612738,WAS,BOS,101,146,A
2025-12-05,2025-26,1610612737,1610612743,ATL,DEN,133,134,A
2025-12-05,2025-26,1610612738,1610612747,BOS,LAL,126,105,H
2025-12-05,2025-26,1610612739,1610612759,CLE,SAS,130,117,H
2025-12-05,2025-26,1610612741,1610612754,CHI,IND,105,120,A
2025-12-05,2025-26,1610612745,1610612756,HOU,PHX,117,98,H
2025-12-05,2025-26,1610612749,1610612755,MIL,PHI,101,116,A
2025-12-05,2025-26,1610612752,1610612762,NYK,UTA,146,112,H
2025-12-05,2025-26,1610612753,1610612748,ORL,MIA,106,105,H
2025-12-05,2025-26,1610612760,1610612742,OKC,DAL,132,111,H
2025-12-05,2025-26,1610612761,1610612766,TOR,CHA,86,111,A
2025-12-05,2025-26,1610612763,1610612746,MEM,LAC,107,98,H
2025-12-05,2025-26,1610612765,1610612757,DET,POR,122,116,H
2025-12-06,2025-26,1610612739,1610612744,CLE,GSW,94,99,A
2025-12-06,2025-26,1610612742,1610612745,DAL,HOU,122,109,H
2025-12-06,2025-26,1610612748,1610612758,MIA,SAC,111,127,A
2025-12-06,2025-26,1610612750,1610612746,MIN,LAC,109,106,H
2025-12-06,2025-26,1610612751,1610612740,BKN,NOP,119,101,H
2025-12-06,2025-26,1610612764,1610612737,WAS,ATL,116,131,A
2025-12-06,2025-26,1610612765,1610612749,DET,MIL,124,112,H
2025-12-07,2025-26,1610612741,1610612744,CHI,GSW,91,123,A
2025-12-07,2025-26,1610612752,1610612753,NYK,ORL,106,100,H
2025-12-07,2025-26,1610612755,1610612747,PHI,LAL,108,112,A
2025-12-07,2025-26,1610612761,1610612738,TOR,BOS,113,121,A
2025-12-07,2025-26,1610612762,1610612760,UTA,OKC,101,131,A
2025-12-07,2025-26,1610612763,1610612757,MEM,POR,119,96,H
2025-12-07,2025-26,1610612766,1610612743,CHA,DEN,106,115,A
2025-12-08,2025-26,1610612740,1610612759,NOP,SAS,132,135,A
2025-12-08,2025-26,1610612750,1610612756,MIN,PHX,105,108,A
2025-12-08,2025-26,1610612754,1610612758,IND,SAC,116,105,H
2025-12-09,2025-26,1610612753,1610612748,ORL,MIA,117,108,H
2025-12-09,2025-26,1610612761,1610612752,TOR,NYK,101,117,A
2025-12-10,2025-26,1610612747,1610612759,LAL,SAS,119,132,A
2025-12-10,2025-26,1610612760,1610612756,OKC,PHX,138,89,H
2025-12-11,2025-26,1610612740,1610612757,NOP,POR,143,120,H
2025-12-11,2025-26,1610612745,1610612746,HOU,LAC,115,113,H
2025-12-11,2025-26,1610612749,1610612738,MIL,BOS,116,101,H
2025-12-11,2025-26,1610612758,1610612743,SAC,DEN,105,136,A
2025-12-12,2025-26,1610612742,1610612751,DAL,BKN,119,111,H
2025-12-12,2025-26,1610612744,1610612750,GSW,MIN,120,127,A
2025-12-12,2025-26,1610612755,1610612754,PHI,IND,115,105,H
2025-12-12,2025-26,1610612763,1610612762,MEM,UTA,126,130,A
2025-12-12,2025-26,1610612764,1610612739,WAS,CLE,126,130,A
2025-12-12,2025-26,1610612765,1610612737,DET,ATL,142,115,H
2025-12-12,2025-26,1610612766,1610612741,CHA,CHI,126,129,A
2025-12-13,2025-26,1610612753,1610612752,ORL,NYK,120,132,A
2025-12-13,2025-26,1610612760,1610612759,OKC,SAS,109,111,A
2025-12-14,2025-26,1610612737,1610612755,ATL,PHI,120,117,H
2025-12-14,2025-26,1610612739,1610612766,CLE,CHA,111,119,A
2025-12-14,2025-26,1610612741,1610612740,CHI,NOP,104,114,A
2025-12-14,2025-26,1610612750,1610612758,MIN,SAC,117,103,H
2025-12-14,2025-26,1610612751,1610612749,BKN,MIL,127,82,H
2025-12-14,2025-26,1610612754,1610612764,IND,WAS,89,108,A
2025-12-14,2025-26,1610612756,1610612747,PHX,LAL,114,116,A
2025-12-14,2025-26,1610612757,1610612744,POR,GSW,136,131,H
2025-12-15,2025-26,1610612738,1610612765,BOS,DET,105,112,A
2025-12-15,2025-26,1610612743,1610612745,DEN,HOU,128,125,H
2025-12-15,2025-26,1610612746,1610612763,LAC,MEM,103,121,A
2025-12-15,2025-26,1610612748,1610612761,MIA,TOR,96,106,A
2025-12-15,2025-26,1610612762,1610612742,UTA,DAL,140,133,H
2025-12-17,2025-26,1610612741,1610612739,CHI,CLE,127,111,H
2025-12-17,2025-26,1610612750,1610612763,MIN,MEM,110,116,A
2025-12-18,2025-26,1610612740,1610612745,NOP,HOU,133,128,H
2025-12-18,2025-26,1610612742,1610612765,DAL,DET,116,114,H
2025-12-18,2025-26,1610612743,1610612753,DEN,ORL,126,115,H
2025-12-18,2025-26,1610612749,1610612761,MIL,TOR,105,111,A
2025-12-18,2025-26,1610612751,1610612748,BKN,MIA,95,106,A
2025-12-18,2025-26,1610612754,1610612752,IND,NYK,113,114,A
2025-12-18,2025-26,1610612756,1610612744,PHX,GSW,99,98,H
2025-12-18,2025-26,1610612757,1610612758,POR,SAC,134,133,H
2025-12-18,2025-26,1610612759,1610612764,SAS,WAS,119,94,H
2025-12-18,2025-26,1610612760,1610612746,OKC,LAC,122,101,H
2025-12-18,2025-26,1610612762,1610612747,UTA,LAL,135,143,A
2025-12-18,2025-26,1610612766,1610612737,CHA,ATL,133,126,H
2025-12-19,2025-26,1610612737,1610612759,ATL,SAS,98,126,A
2025-12-19,2025-26,1610612738,1610612748,BOS,MIA,129,116,H
2025-12-19,2025-26,1610612739,1610612741,CLE,CHI,125,136,A
2025-12-19,2025-26,1610612750,1610612760,MIN,OKC,112,107,H
2025-12-19,2025-26,1610612752,1610612755,NYK,PHI,107,116,A
2025-12-20,2025-26,1610612740,1610612754,NOP,IND,128,109,H
2025-12-20,2025-26,1610612743,1610612745,DEN,HOU,101,115,A
2025-12-20,2025-26,1610612744,1610612756,GSW,PHX,119,116,H
2025-12-20,2025-26,1610612746,1610612747,LAC,LAL,103,88,H
2025-12-20,2025-26,1610612755,1610612742,PHI,DAL,121,114,H
2025-12-20,2025-26,1610612758,1610612757,SAC,POR,93,98,A
2025-12-20,2025-26,1610612761,1610612738,TOR,BOS,96,112,A
2025-12-20,2025-26,1610612762,1610612753,UTA,ORL,127,128,A
2025-12-20,2025-26,1610612763,1610612764,MEM,WAS,122,130,A
2025-12-20,2025-26,1610612765,1610612766,DET,CHA,112,86,H
2025-12-21,2025-26,1610612737,1610612741,ATL,CHI,150,152,A
2025-12-21,2025-26,1610612750,1610612749,MIN,MIL,103,100,H
2025-12-21,2025-26,1610612751,1610612761,BKN,TOR,96,81,H
2025-12-21,2025-26,1610612752,1610612748,NYK,MIA,132,125,H
2025-12-21,2025-26,1610612758,1610612745,SAC,HOU,125,124,H
2025-12-21,2025-26,1610612764,1610612759,WAS,SAS,113,124,A
2025-12-22,2025-26,1610612738,1610612754,BOS,IND,103,95,H
2025-12-22,2025-26,1610612739,1610612766,CLE,CHA,139,132,H
2025-12-22,2025-26,1610612740,1610612742,NOP,DAL,119,113,H
2025-12-22,2025-26,1610612743,1610612762,DEN,UTA,135,112,H
2025-12-22,2025-26,1610612744,1610612753,GSW,ORL,120,97,H
2025-12-22,2025-26,1610612757,1610612765,POR,DET,102,110,A
2025-12-22,2025-26,1610612760,1610612763,OKC,MEM,119,103,H
2025-12-23,2025-26,1610612737,1610612741,ATL,CHI,123,126,A
2025-12-23,2025-26,1610612739,1610612740,CLE,NOP,141,118,H
2025-12-23,2025-26,1610612742,1610612743,DAL,DEN,131,130,H
2025-12-23,2025-26,1610612746,1610612745,LAC,HOU,128,108,H
2025-12-23,2025-26,1610612748,1610612761,MIA,TOR,91,112,A
2025-12-23,2025-26,1610612750,1610612752,MIN,NYK,115,104,H
2025-12-23,2025-26,1610612754,1610612749,IND,MIL,94,111,A
2025-12-23,2025-26,1610612755,1610612751,PHI,BKN,106,114,A
2025-12-23,2025-26,1610612756,1610612747,PHX,LAL,132,108,H
2025-12-23,2025-26,1610612757,1610612753,POR,ORL,106,110,A
2025-12-23,2025-26,1610612758,1610612765,SAC,DET,127,136,A
2025-12-23,2025-26,1610612759,1610612760,SAS,OKC,130,110,H
2025-12-23,2025-26,1610612762,1610612763,UTA,MEM,128,137,A
2025-12-23,2025-26,1610612766,1610612764,CHA,WAS,126,109,H
2025-12-25,2025-26,1610612743,1610612750,DEN,MIN,142,138,H
2025-12-25,2025-26,1610612744,1610612742,GSW,DAL,126,116,H
2025-12-25,2025-26,1610612747,1610612745,LAL,HOU,96,119,A
2025-12-25,2025-26,1610612752,1610612739,NYK,CLE,126,124,H
2025-12-25,2025-26,1610612760,1610612759,OKC,SAS,102,117,A
2025-12-26,2025-26,1610612737,1610612748,ATL,MIA,111,126,A
2025-12-26,2025-26,1610612740,1610612756,NOP,PHX,108,115,A
2025-12-26,2025-26,1610612741,1610612755,CHI,PHI,109,102,H
2025-12-26,2025-26,1610612753,1610612766,ORL,CHA,105,120,A
2025-12-26,2025-26,1610612754,1610612738,IND,BOS,122,140,A
2025-12-26,2025-26,1610612757,1610612746,POR,LAC,103,119,A
2025-12-26,2025-26,1610612762,1610612765,UTA,DET,131,129,H
2025-12-26,2025-26,1610612763,1610612749,MEM,MIL,125,104,H
2025-12-26,2025-26,1610612764,1610612761,WAS,TOR,138,117,H
2025-12-27,2025-26,1610612737,1610612752,ATL,NYK,125,128,A
2025-12-27,2025-26,1610612740,1610612756,NOP,PHX,114,123,A
2025-12-27,2025-26,1610612741,1610612749,CHI,MIL,103,112,A
2025-12-27,2025-26,1610612745,1610612739,HOU,CLE,117,100,H
2025-12-27,2025-26,1610612748,1610612754,MIA,IND,142,116,H
2025-12-27,2025-26,1610612750,1610612751,MIN,BKN,107,123,A
2025-12-27,2025-26,1610612753,1610612743,ORL,DEN,127,126,H
2025-12-27,2025-26,1610612758,1610612742,SAC,DAL,113,107,H
2025-12-27,2025-26,1610612759,1610612762,SAS,UTA,114,127,A
2025-12-28,2025-26,1610612746,1610612765,LAC,DET,112,99,H
2025-12-28,2025-26,1610612747,1610612758,LAL,SAC,125,101,H
2025-12-28,2025-26,1610612757,1610612738,POR,BOS,114,108,H
2025-12-28,2025-26,1610612760,1610612755,OKC,PHI,129,104,H
2025-12-28,2025-26,1610612761,1610612744,TOR,GSW,141,127,H
2025-12-28,2025-26,1610612764,1610612763,WAS,MEM,116,112,H
2025-12-29,2025-26,1610612740,1610612752,NOP,NYK,125,130,A
2025-12-29,2025-26,1610612741,1610612750,CHI,MIN,101,136,A
2025-12-29,2025-26,1610612745,1610612754,HOU,IND,126,119,H
2025-12-29,2025-26,1610612748,1610612743,MIA,DEN,147,123,H
2025-12-29,2025-26,1610612751,1610612744,BKN,GSW,107,120,A
2025-12-29,2025-26,1610612757,1610612742,POR,DAL,125,122,H
2025-12-29,2025-26,1610612759,1610612739,SAS,CLE,101,113,A
2025-12-29,2025-26,1610612760,1610612737,OKC,ATL,140,129,H
2025-12-29,2025-26,1610612761,1610612753,TOR,ORL,107,106,H
2025-12-29,2025-26,1610612764,1610612756,WAS,PHX,101,115,A
2025-12-29,2025-26,1610612766,1610612749,CHA,MIL,113,123,A
2025-12-30,2025-26,1610612746,1610612758,LAC,SAC,131,90,H
2025-12-30,2025-26,1610612747,1610612765,LAL,DET,106,128,A
2025-12-30,2025-26,1610612762,1610612738,UTA,BOS,119,129,A
2025-12-30,2025-26,1610612763,1610612755,MEM,PHI,136,139,A
2025-12-31,2025-26,1610612737,1610612750,ATL,MIN,126,102,H
2025-12-31,2025-26,1610612739,1610612756,CLE,PHX,129,113,H
2025-12-31,2025-26,1610612741,1610612740,CHI,NOP,134,118,H
2025-12-31,2025-26,1610612749,1610612764,MIL,WAS,113,114,A
2025-12-31,2025-26,1610612754,1610612753,IND,ORL,110,112,A
2025-12-31,2025-26,1610612759,1610612752,SAS,NYK,134,132,H
2025-12-31,2025-26,1610612760,1610612757,OKC,POR,124,95,H
2025-12-31,2025-26,1610612761,1610612743,TOR,DEN,103,106,A
2025-12-31,2025-26,1610612766,1610612744,CHA,GSW,125,132,A
2026-01-01,2025-26,1610612742,1610612755,DAL,PHI,108,123,A
2026-01-01,2025-26,1610612746,1610612762,LAC,UTA,118,101,H
2026-01-01,2025-26,1610612751,1610612745,BKN,HOU,96,120,A
2026-01-01,2025-26,1610612758,1610612738,SAC,BOS,106,120,A
2026-01-01,2025-26,1610612765,1610612748,DET,MIA,112,118,A
2026-01-02,2025-26,1610612739,1610612743,CLE,DEN,113,108,H
2026-01-02,2025-26,1610612740,1610612757,NOP,POR,109,122,A
2026-01-02,2025-26,1610612741,1610612753,CHI,ORL,121,114,H
2026-01-02,2025-26,1610612744,1610612760,GSW,OKC,94,131,A
2026-01-02,2025-26,1610612747,1610612763,LAL,MEM,128,121,H
2026-01-02,2025-26,1610612749,1610612766,MIL,CHA,122,121,H
2026-01-02,2025-26,1610612752,1610612737,NYK,ATL,99,111,A
2026-01-02,2025-26,1610612754,1610612759,IND,SAS,113,123,A
2026-01-02,2025-26,1610612756,1610612758,PHX,SAC,129,102,H
2026-01-02,2025-26,1610612764,1610612751,WAS,BKN,119,99,H
2026-01-03,2025-26,1610612741,1610612766,CHI,CHA,99,112,A
2026-01-03,2025-26,1610612742,1610612745,DAL,HOU,110,104,H
2026-01-03,2025-26,1610612744,1610612762,GSW,UTA,123,114,H
2026-01-03,2025-26,1610612746,1610612738,LAC,BOS,115,146,A
2026-01-03,2025-26,1610612748,1610612750,MIA,MIN,115,125,A
2026-01-03,2025-26,1610612752,1610612755,NYK,PHI,119,130,A
2026-01-03,2025-26,1610612759,1610612757,SAS,POR,110,115,A
2026-01-03,2025-26,1610612761,1610612737,TOR,ATL,134,117,H
2026-01-04,2025-26,1610612739,1610612765,CLE,DET,110,114,A
2026-01-04,2025-26,1610612747,1610612763,LAL,MEM,120,114,H
2026-01-04,2025-26,1610612748,1610612740,MIA,NOP,125,106,H
2026-01-04,2025-26,1610612751,1610612743,BKN,DEN,127,115,H
2026-01-04,2025-26,1610612753,1610612754,ORL,IND,135,127,H
2026-01-04,2025-26,1610612756,1610612760,PHX,OKC,108,105,H
2026-01-04,2025-26,1610612758,1610612749,SAC,MIL,98,115,A
2026-01-04,2025-26,1610612764,1610612750,WAS,MIN,115,141,A
2026-01-05,2025-26,1610612738,1610612741,BOS,CHI,115,101,H
2026-01-05,2025-26,1610612745,1610612756,HOU,PHX,100,97,H
2026-01-05,2025-26,1610612746,1610612744,LAC,GSW,103,102,H
2026-01-05,2025-26,1610612755,1610612743,PHI,DEN,124,125,A
2026-01-05,2025-26,1610612757,1610612762,POR,UTA,137,117,H
2026-01-05,2025-26,1610612760,1610612766,OKC,CHA,97,124,A
2026-01-05,2025-26,1610612761,1610612737,TOR,ATL,118,100,H
2026-01-05,2025-26,1610612765,1610612752,DET,NYK,121,90,H
2026-01-06,2025-26,1610612740,1610612747,NOP,LAL,103,111,A
2026-01-06,2025-26,1610612750,1610612748,MIN,MIA,122,94,H
2026-01-06,2025-26,1610612754,1610612739,IND,CLE,116,120,A
2026-01-06,2025-26,1610612758,1610612742,SAC,DAL,98,100,A
2026-01-06,2025-26,1610612763,1610612759,MEM,SAS,106,105,H
2026-01-06,2025-26,1610612764,1610612753,WAS,ORL,120,112,H
2026-01-07,2025-26,1610612737,1610612740,ATL,NOP,117,100,H
2026-01-07,2025-26,1610612738,1610612743,BOS,DEN,110,114,A
2026-01-07,2025-26,1610612744,1610612749,GSW,MIL,120,113,H
2026-01-07,2025-26,1610612751,1610612753,BKN,ORL,103,104,A
2026-01-07,2025-26,1610612752,1610612746,NYK,LAC,123,111,H
2026-01-07,2025-26,1610612755,1610612764,PHI,WAS,131,110,H
2026-01-07,2025-26,1610612757,1610612745,POR,HOU,103,102,H
2026-01-07,2025-26,1610612759,1610612747,SAS,LAL,107,91,H
2026-01-07,2025-26,1610612760,1610612762,OKC,UTA,129,125,H
2026-01-07,2025-26,1610612763,1610612756,MEM,PHX,98,117,A
2026-01-07,2025-26,1610612765,1610612741,DET,CHI,108,93,H
2026-01-07,2025-26,1610612766,1610612761,CHA,TOR,96,97,A
2026-01-08,2025-26,1610612750,1610612739,MIN,CLE,131,122,H
2026-01-08,2025-26,1610612762,1610612742,UTA,DAL,116,114,H
2026-01-08,2025-26,1610612766,1610612754,CHA,IND,112,114,A
2026-01-09,2025-26,1610612738,1610612761,BOS,TOR,125,117,H
2026-01-09,2025-26,1610612743,1610612737,DEN,ATL,87,110,A
2026-01-09,2025-26,1610612744,1610612758,GSW,SAC,137,103,H
2026-01-09,2025-26,1610612747,1610612749,LAL,MIL,101,105,A
2026-01-09,2025-26,1610612751,1610612746,BKN,LAC,105,121,A
2026-01-09,2025-26,1610612753,1610612755,ORL,PHI,91,103,A
2026-01-09,2025-26,1610612756,1610612752,PHX,NYK,112,107,H
2026-01-09,2025-26,1610612757,1610612745,POR,HOU,111,105,H
2026-01-09,2025-26,1610612763,1610612760,MEM,OKC,116,117,A
2026-01-09,2025-26,1610612764,1610612740,WAS,NOP,107,128,A
2026-01-10,2025-26,1610612738,1610612759,BOS,SAS,95,100,A
2026-01-10,2025-26,1610612739,1610612750,CLE,MIN,146,134,H
2026-01-10,2025-26,1610612741,1610612742,CHI,DAL,125,107,H
2026-01-10,2025-26,1610612754,1610612748,IND,MIA,123,99,H
2026-01-10,2025-26,1610612762,1610612766,UTA,CHA,95,150,A
2026-01-10,2025-26,1610612765,1610612746,DET,LAC,92,98,A
2026-01-11,2025-26,1610612743,1610612749,DEN,MIL,108,104,H
2026-01-11,2025-26,1610612744,1610612737,GSW,ATL,111,124,A
2026-01-11,2025-26,1610612750,1610612759,MIN,SAS,104,103,H
2026-01-11,2025-26,1610612753,1610612740,ORL,NOP,128,118,H
2026-01-11,2025-26,1610612756,1610612764,PHX,WAS,112,93,H
2026-01-11,2025-26,1610612757,1610612752,POR,NYK,114,123,A
2026-01-11,2025-26,1610612758,1610612745,SAC,HOU,111,98,H
2026-01-11,2025-26,1610612760,1610612748,OKC,MIA,124,112,H
2026-01-11,2025-26,1610612761,1610612755,TOR,PHI,116,115,H
2026-01-11,2025-26,1610612763,1610612751,MEM,BKN,103,98,H
2026-01-12,2025-26,1610612739,1610612762,CLE,UTA,112,123,A
2026-01-12,2025-26,1610612742,1610612751,DAL,BKN,113,105,H
2026-01-12,2025-26,1610612746,1610612766,LAC,CHA,117,109,H
2026-01-12,2025-26,1610612754,1610612738,IND,BOS,98,96,H
2026-01-12,2025-26,1610612758,1610612747,SAC,LAL,124,112,H
2026-01-12,2025-26,1610612761,1610612755,TOR,PHI,102,115,A
2026-01-13,2025-26,1610612740,1610612743,NOP,DEN,116,122,A
2026-01-13,2025-26,1610612744,1610612757,GSW,POR,119,97,H
2026-01-13,2025-26,1610612745,1610612741,HOU,CHI,119,113,H
2026-01-13,2025-26,1610612747,1610612737,LAL,ATL,141,116,H
2026-01-13,2025-26,1610612748,1610612756,MIA,PHX,127,121,H
2026-01-13,2025-26,1610612749,1610612750,MIL,MIN,106,139,A
2026-01-13,2025-26,1610612760,1610612759,OKC,SAS,119,98,H
2026-01-14,2025-26,1610612740,1610612751,NOP,BKN,116,113,H
2026-01-14,2025-26,1610612741,1610612762,CHI,UTA,128,126,H
2026-01-14,2025-26,1610612742,1610612743,DAL,DEN,109,118,A
2026-01-14,2025-26,1610612746,1610612764,LAC,WAS,119,105,H
2026-01-14,2025-26,1610612754,1610612761,IND,TOR,101,115,A
2026-01-14,2025-26,1610612755,1610612739,PHI,CLE,107,133,A
2026-01-14,2025-26,1610612758,1610612752,SAC,NYK,112,101,H
2026-01-15,2025-26,1610612742,1610612762,DAL,UTA,144,122,H
2026-01-15,2025-26,1610612744,1610612752,GSW,NYK,126,113,H
2026-01-15,2025-26,1610612745,1610612760,HOU,OKC,91,111,A
2026-01-15,2025-26,1610612747,1610612766,LAL,CHA,117,135,A
2026-01-15,2025-26,1610612748,1610612738,MIA,BOS,114,119,A
2026-01-15,2025-26,1610612753,1610612763,ORL,MEM,118,111,H
2026-01-15,2025-26,1610612757,1610612737,POR,ATL,117,101,H
2026-01-15,2025-26,1610612759,1610612749,SAS,MIL,119,101,H
2026-01-15,2025-26,1610612765,1610612756,DET,PHX,108,105,H
2026-01-16,2025-26,1610612745,1610612750,HOU,MIN,110,105,H
2026-01-16,2025-26,1610612751,1610612741,BKN,CHI,112,109,H
2026-01-16,2025-26,1610612754,1610612740,IND,NOP,127,119,H
2026-01-16,2025-26,1610612755,1610612739,PHI,CLE,115,117,A
2026-01-16,2025-26,1610612758,1610612764,SAC,WAS,128,115,H
2026-01-16,2025-26,1610612761,1610612746,TOR,LAC,117,121,A
2026-01-17,2025-26,1610612737,1610612738,ATL,BOS,106,132,A
2026-01-17,2025-26,1610612742,1610612762,DAL,UTA,138,120,H
2026-01-17,2025-26,1610612743,1610612764,DEN,WAS,121,115,H
2026-01-17,2025-26,1610612744,1610612766,GSW,CHA,136,116,H
2026-01-17,2025-26,1610612748,1610612760,MIA,OKC,122,120,H
2026-01-17,2025-26,1610612752,1610612756,NYK,PHX,99,106,A
2026-01-17,2025-26,1610612757,1610612747,POR,LAL,132,116,H
2026-01-17,2025-26,1610612759,1610612750,SAS,MIN,126,123,H
2026-01-17,2025-26,1610612765,1610612754,DET,IND,121,78,H
2026-01-18,2025-26,1610612741,1610612751,CHI,BKN,124,102,H
2026-01-18,2025-26,1610612743,1610612766,DEN,CHA,87,110,A
2026-01-18,2025-26,1610612745,1610612740,HOU,NOP,119,110,H
2026-01-18,2025-26,1610612747,1610612761,LAL,TOR,110,93,H
2026-01-18,2025-26,1610612758,1610612757,SAC,POR,110,117,A
2026-01-18,2025-26,1610612763,1610612753,MEM,ORL,126,109,H
2026-01-19,2025-26,1610612737,1610612749,ATL,MIL,110,112,A
2026-01-19,2025-26,1610612739,1610612760,CLE,OKC,104,136,A
2026-01-19,2025-26,1610612744,1610612748,GSW,MIA,135,112,H
2026-01-19,2025-26,1610612751,1610612756,BKN,PHX,117,126,A
2026-01-19,2025-26,1610612752,1610612742,NYK,DAL,97,114,A
2026-01-19,2025-26,1610612755,1610612754,PHI,IND,113,104,H
2026-01-19,2025-26,1610612759,1610612762,SAS,UTA,123,110,H
2026-01-19,2025-26,1610612764,1610612746,WAS,LAC,106,110,A
2026-01-19,2025-26,1610612765,1610612738,DET,BOS,104,103,H
2026-01-20,2025-26,1610612741,1610612746,CHI,LAC,138,110,H
2026-01-20,2025-26,1610612743,1610612747,DEN,LAL,107,115,A
2026-01-20,2025-26,1610612744,1610612761,GSW,TOR,127,145,A
2026-01-20,2025-26,1610612745,1610612759,HOU,SAS,111,106,H
2026-01-20,2025-26,1610612755,1610612756,PHI,PHX,110,116,A
2026-01-20,2025-26,1610612758,1610612748,SAC,MIA,117,130,A
2026-01-20,2025-26,1610612762,1610612750,UTA,MIN,127,122,H
2026-01-21,2025-26,1610612738,1610612754,BOS,IND,119,104,H
2026-01-21,2025-26,1610612740,1610612765,NOP,DET,104,112,A
2026-01-21,2025-26,1610612749,1610612760,MIL,OKC,102,122,A
2026-01-21,2025-26,1610612752,1610612751,NYK,BKN,120,66,H
2026-01-21,2025-26,1610612758,1610612761,SAC,TOR,109,122,A
2026-01-21,2025-26,1610612763,1610612737,MEM,ATL,122,124,A
2026-01-21,2025-26,1610612766,1610612739,CHA,CLE,87,94,A
2026-01-22,2025-26,1610612742,1610612744,DAL,GSW,123,115,H
2026-01-22,2025-26,1610612746,1610612747,LAC,LAL,112,104,H
2026-01-22,2025-26,1610612750,1610612741,MIN,CHI,115,120,A
2026-01-22,2025-26,1610612753,1610612766,ORL,CHA,97,124,A
2026-01-22,2025-26,1610612755,1610612745,PHI,HOU,128,122,H
2026-01-22,2025-26,1610612757,1610612748,POR,MIA,127,110,H
2026-01-22,2025-26,1610612762,1610612759,UTA,SAS,109,126,A
2026-01-22,2025-26,1610612764,1610612743,WAS,DEN,97,107,A
2026-01-23,2025-26,1610612737,1610612756,ATL,PHX,110,103,H
2026-01-23,2025-26,1610612739,1610612758,CLE,SAC,123,118,H
2026-01-23,2025-26,1610612749,1610612743,MIL,DEN,100,102,A
2026-01-23,2025-26,1610612751,1610612738,BKN,BOS,126,130,A
2026-01-23,2025-26,1610612757,1610612761,POR,TOR,98,110,A
2026-01-23,2025-26,1610612760,1610612754,OKC,IND,114,117,A
2026-01-23,2025-26,1610612763,1610612740,MEM,NOP,127,133,A
2026-01-23,2025-26,1610612765,1610612745,DET,HOU,104,111,A
2026-01-24,2025-26,1610612741,1610612738,CHI,BOS,114,111,H
2026-01-24,2025-26,1610612742,1610612747,DAL,LAL,110,116,A
2026-01-24,2025-26,1610612753,1610612739,ORL,CLE,105,119,A
2026-01-24,2025-26,1610612755,1610612752,PHI,NYK,109,112,A
2026-01-24,2025-26,1610612762,1610612748,UTA,MIA,116,147,A
2026-01-24,2025-26,1610612766,1610612764,CHA,WAS,119,115,H
2026-01-25,2025-26,1610612746,1610612751,LAC,BKN,126,89,H
2026-01-25,2025-26,1610612750,1610612744,MIN,GSW,85,111,A
2026-01-25,2025-26,1610612756,1610612748,PHX,MIA,102,111,A
2026-01-25,2025-26,1610612759,1610612740,SAS,NOP,95,104,A
2026-01-25,2025-26,1610612760,1610612761,OKC,TOR,101,103,A
2026-01-25,2025-26,1610612765,1610612758,DET,SAC,139,116,H
2026-01-26,2025-26,1610612737,1610612754,ATL,IND,132,116,H
2026-01-26,2025-26,1610612738,1610612757,BOS,POR,102,94,H
2026-01-26,2025-26,1610612739,1610612753,CLE,ORL,114,98,H
2026-01-26,2025-26,1610612741,1610612747,CHI,LAL,118,129,A
2026-01-26,2025-26,1610612745,1610612763,HOU,MEM,108,99,H
2026-01-26,2025-26,1610612750,1610612744,MIN,GSW,108,83,H
2026-01-26,2025-26,1610612766,1610612755,CHA,PHI,130,93,H
2026-01-27,2025-26,1610612743,1610612765,DEN,DET,107,109,A
2026-01-27,2025-26,1610612752,1610612758,NYK,SAC,103,87,H
2026-01-27,2025-26,1610612755,1610612749,PHI,MIL,139,122,H
2026-01-27,2025-26,1610612756,1610612751,PHX,BKN,106,102,H
2026-01-27,2025-26,1610612760,1610612740,OKC,NOP,104,95,H
2026-01-27,2025-26,1610612762,1610612746,UTA,LAC,103,115,A
2026-01-27,2025-26,1610612764,1610612757,WAS,POR,115,111,H
2026-01-28,2025-26,1610612738,1610612737,BOS,ATL,106,117,A
2026-01-28,2025-26,1610612739,1610612747,CLE,LAL,129,99,H
2026-01-28,2025-26,1610612742,1610612750,DAL,MIN,105,118,A
2026-01-28,2025-26,1610612745,1610612759,HOU,SAS,99,111,A
2026-01-28,2025-26,1610612748,1610612753,MIA,ORL,124,133,A
2026-01-28,2025-26,1610612754,1610612741,IND,CHI,113,110,H
2026-01-28,2025-26,1610612761,1610612752,TOR,NYK,92,119,A
2026-01-28,2025-26,1610612762,1610612744,UTA,GSW,124,140,A
2026-01-28,2025-26,1610612763,1610612766,MEM,CHA,97,112,A
2026-01-29,2025-26,1610612737,1610612745,ATL,HOU,86,104,A
2026-01-29,2025-26,1610612741,1610612748,CHI,MIA,113,116,A
2026-01-29,2025-26,1610612742,1610612766,DAL,CHA,121,123,A
2026-01-29,2025-26,1610612743,1610612751,DEN,BKN,107,103,H
2026-01-29,2025-26,1610612750,1610612760,MIN,OKC,123,111,H
2026-01-29,2025-26,1610612755,1610612758,PHI,SAC,113,111,H
2026-01-29,2025-26,1610612756,1610612765,PHX,DET,114,96,H
2026-01-29,2025-26,1610612764,1610612749,WAS,MIL,109,99,H
2026-01-30,2025-26,1610612738,1610612758,BOS,SAC,112,93,H
2026-01-30,2025-26,1610612740,1610612763,NOP,MEM,114,106,H
2026-01-30,2025-26,1610612743,1610612746,DEN,LAC,122,109,H
2026-01-30,2025-26,1610612744,1610612765,GSW,DET,124,131,A
2026-01-30,2025-26,1610612752,1610612757,NYK,POR,127,97,H
2026-01-30,2025-26,1610612753,1610612761,ORL,TOR,130,120,H
2026-01-30,2025-26,1610612756,1610612739,PHX,CLE,126,113,H
2026-01-30,2025-26,1610612762,1610612751,UTA,BKN,99,109,A
2026-01-30,2025-26,1610612764,1610612747,WAS,LAL,111,142,A
2026-01-31,2025-26,1610612745,1610612742,HOU,DAL,111,107,H
2026-01-31,2025-26,1610612748,1610612741,MIA,CHI,118,125,A
2026-01-31,2025-26,1610612754,1610612737,IND,ATL,129,124,H
2026-01-31,2025-26,1610612755,1610612740,PHI,NOP,124,114,H
2026-01-31,2025-26,1610612763,1610612750,MEM,MIN,114,131,A
2026-01-31,2025-26,1610612766,1610612759,CHA,SAS,111,106,H
2026-02-01,2025-26,1610612738,1610612749,BOS,MIL,107,79,H
2026-02-01,2025-26,1610612743,1610612760,DEN,OKC,111,121,A
2026-02-01,2025-26,1610612748,1610612741,MIA,CHI,134,91,H
2026-02-01,2025-26,1610612752,1610612747,NYK,LAL,112,100,H
2026-02-01,2025-26,1610612756,1610612746,PHX,LAC,93,117,A
2026-02-01,2025-26,1610612757,1610612739,POR,CLE,111,130,A
2026-02-01,2025-26,1610612759,1610612753,SAS,ORL,112,103,H
2026-02-01,2025-26,1610612761,1610612762,TOR,UTA,107,100,H
2026-02-01,2025-26,1610612764,1610612758,WAS,SAC,116,112,H
2026-02-01,2025-26,1610612765,1610612751,DET,BKN,130,77,H
2026-02-02,2025-26,1610612746,1610612755,LAC,PHI,113,128,A
2026-02-02,2025-26,1610612754,1610612745,IND,HOU,114,118,A
2026-02-02,2025-26,1610612763,1610612750,MEM,MIN,137,128,H
2026-02-02,2025-26,1610612766,1610612740,CHA,NOP,102,95,H
2026-02-03,2025-26,1610612742,1610612738,DAL,BOS,100,110,A
2026-02-03,2025-26,1610612744,1610612755,GSW,PHI,94,113,A
2026-02-03,2025-26,1610612748,1610612737,MIA,ATL,115,127,A
2026-02-03,2025-26,1610612749,1610612741,MIL,CHI,131,115,H
2026-02-03,2025-26,1610612751,1610612747,BKN,LAL,109,125,A
2026-02-03,2025-26,1610612754,1610612762,IND,UTA,122,131,A
2026-02-03,2025-26,1610612757,1610612756,POR,PHX,125,130,A
2026-02-03,2025-26,1610612760,1610612753,OKC,ORL,128,92,H
2026-02-03,2025-26,1610612764,1610612752,WAS,NYK,101,132,A
2026-02-03,2025-26,1610612765,1610612743,DET,DEN,124,121,H
2026-02-04,2025-26,1610612745,1610612738,HOU,BOS,93,114,A
2026-02-04,2025-26,1610612746,1610612739,LAC,CLE,91,124,A
2026-02-04,2025-26,1610612749,1610612740,MIL,NOP,141,137,H
2026-02-04,2025-26,1610612752,1610612743,NYK,DEN,134,127,H
2026-02-04,2025-26,1610612758,1610612763,SAC,MEM,125,129,A
2026-02-04,2025-26,1610612759,1610612760,SAS,OKC,116,106,H
2026-02-04,2025-26,1610612761,1610612750,TOR,MIN,126,128,A
2026-02-05,2025-26,1610612737,1610612762,ATL,UTA,121,119,H
2026-02-05,2025-26,1610612742,1610612759,DAL,SAS,123,135,A
2026-02-05,2025-26,1610612745,1610612766,HOU,CHA,99,109,A
2026-02-05,2025-26,1610612747,1610612755,LAL,PHI,119,115,H
2026-02-05,2025-26,1610612753,1610612751,ORL,BKN,118,98,H
2026-02-05,2025-26,1610612756,1610612744,PHX,GSW,97,101,A
2026-02-05,2025-26,1610612761,1610612741,TOR,CHI,123,107,H
2026-02-05,2025-26,1610612765,1610612764,DET,WAS,117,126,A
2026-02-06,2025-26,1610612738,1610612748,BOS,MIA,98,96,H
2026-02-06,2025-26,1610612749,1610612754,MIL,IND,105,99,H
2026-02-06,2025-26,1610612750,1610612740,MIN,NOP,115,119,A
2026-02-06,2025-26,1610612757,1610612763,POR,MEM,135,115,H
2026-02-06,2025-26,1610612758,1610612746,SAC,LAC,111,114,A
2026-02-06,2025-26,1610612765,1610612752,DET,NYK,118,80,H
2026-02-07,2025-26,1610612737,1610612766,ATL,CHA,119,126,A
2026-02-07,2025-26,1610612741,1610612743,CHI,DEN,120,136,A
2026-02-07,2025-26,1610612747,1610612744,LAL,GSW,105,99,H
2026-02-07,2025-26,1610612751,1610612764,BKN,WAS,127,113,H
2026-02-07,2025-26,1610612753,1610612762,ORL,UTA,120,117,H
2026-02-07,2025-26,1610612756,1610612755,PHX,PHI,103,109,A
2026-02-07,2025-26,1610612757,1610612763,POR,MEM,122,115,H
2026-02-07,2025-26,1610612758,1610612739,SAC,CLE,126,132,A
2026-02-07,2025-26,1610612759,1610612742,SAS,DAL,138,125,H
2026-02-07,2025-26,1610612760,1610612745,OKC,HOU,106,112,A
2026-02-08,2025-26,1610612738,1610612752,BOS,NYK,89,111,A
2026-02-08,2025-26,1610612750,1610612746,MIN,LAC,96,115,A
2026-02-08,2025-26,1610612761,1610612754,TOR,IND,122,104,H
2026-02-08,2025-26,1610612764,1610612748,WAS,MIA,101,132,A
2026-02-09,2025-26,1610612740,1610612758,NOP,SAC,120,94,H
2026-02-09,2025-26,1610612743,1610612739,DEN,CLE,117,119,A
2026-02-09,2025-26,1610612744,1610612763,GSW,MEM,114,113,H
2026-02-09,2025-26,1610612747,1610612760,LAL,OKC,110,119,A
2026-02-09,2025-26,1610612748,1610612762,MIA,UTA,111,115,A
2026-02-09,2025-26,1610612750,1610612737,MIN,ATL,138,116,H
2026-02-09,2025-26,1610612751,1610612741,BKN,CHI,123,115,H
2026-02-09,2025-26,1610612753,1610612749,ORL,MIL,118,99,H
2026-02-09,2025-26,1610612757,1610612755,POR,PHI,135,118,H
2026-02-09,2025-26,1610612766,1610612765,CHA,DET,104,110,A
2026-02-10,2025-26,1610612745,1610612746,HOU,LAC,102,95,H
2026-02-10,2025-26,1610612747,1610612759,LAL,SAS,108,136,A
2026-02-10,2025-26,1610612752,1610612754,NYK,IND,134,137,A
2026-02-10,2025-26,1610612756,1610612742,PHX,DAL,120,111,H
2026-02-11,2025-26,1610612738,1610612741,BOS,CHI,124,105,H
2026-02-11,2025-26,1610612739,1610612764,CLE,WAS,138,113,H
2026-02-11,2025-26,1610612740,1610612748,NOP,MIA,111,123,A
2026-02-11,2025-26,1610612743,1610612763,DEN,MEM,122,116,H
2026-02-11,2025-26,1610612744,1610612759,GSW,SAS,113,126,A
2026-02-11,2025-26,1610612745,1610612746,HOU,LAC,102,105,A
2026-02-11,2025-26,1610612750,1610612757,MIN,POR,133,109,H
2026-02-11,2025-26,1610612751,1610612754,BKN,IND,110,115,A
2026-02-11,2025-26,1610612753,1610612749,ORL,MIL,108,116,A
2026-02-11,2025-26,1610612755,1610612752,PHI,NYK,89,138,A
2026-02-11,2025-26,1610612756,1610612760,PHX,OKC,109,136,A
2026-02-11,2025-26,1610612761,1610612765,TOR,DET,95,113,A
2026-02-11,2025-26,1610612762,1610612758,UTA,SAC,121,93,H
2026-02-11,2025-26,1610612766,1610612737,CHA,ATL,110,107,H
2026-02-12,2025-26,1610612747,1610612742,LAL,DAL,124,104,H
2026-02-12,2025-26,1610612760,1610612749,OKC,MIL,93,110,A
2026-02-12,2025-26,1610612762,1610612757,UTA,POR,119,135,A
2026-02-19,2025-26,1610612739,1610612751,CLE,BKN,112,84,H
2026-02-19,2025-26,1610612741,1610612761,CHI,TOR,101,110,A
2026-02-19,2025-26,1610612744,1610612738,GSW,BOS,110,121,A
2026-02-19,2025-26,1610612746,1610612743,LAC,DEN,115,114,H
2026-02-19,2025-26,1610612752,1610612765,NYK,DET,111,126,A
2026-02-19,2025-26,1610612755,1610612737,PHI,ATL,107,117,A
2026-02-19,2025-26,1610612758,1610612753,SAC,ORL,94,131,A
2026-02-19,2025-26,1610612759,1610612756,SAS,PHX,121,94,H
2026-02-19,2025-26,1610612764,1610612754,WAS,IND,112,105,H
2026-02-19,2025-26,1610612766,1610612745,CHA,HOU,101,105,A
2026-02-20,2025-26,1610612737,1610612748,ATL,MIA,97,128,A
2026-02-20,2025-26,1610612740,1610612749,NOP,MIL,118,139,A
2026-02-20,2025-26,1610612747,1610612746,LAL,LAC,125,122,H
2026-02-20,2025-26,1610612750,1610612742,MIN,DAL,122,111,H
2026-02-20,2025-26,1610612757,1610612743,POR,DEN,103,157,A
2026-02-20,2025-26,1610612760,1610612751,OKC,BKN,105,86,H
2026-02-20,2025-26,1610612763,1610612762,MEM,UTA,123,114,H
2026-02-20,2025-26,1610612764,1610612754,WAS,IND,131,118,H
2026-02-20,2025-26,1610612766,1610612739,CHA,CLE,113,118,A
2026-02-21,2025-26,1610612740,1610612755,NOP,PHI,126,111,H
2026-02-21,2025-26,1610612741,1610612765,CHI,DET,110,126,A
2026-02-21,2025-26,1610612748,1610612763,MIA,MEM,136,120,H
2026-02-21,2025-26,1610612752,1610612745,NYK,HOU,108,106,H
2026-02-21,2025-26,1610612756,1610612753,PHX,ORL,113,110,H
2026-02-21,2025-26,1610612759,1610612758,SAS,SAC,139,122,H
2026-02-22,2025-26,1610612737,1610612751,ATL,BKN,115,104,H
2026-02-22,2025-26,1610612741,1610612752,CHI,NYK,99,105,A
2026-02-22,2025-26,1610612744,1610612743,GSW,DEN,128,117,H
2026-02-22,2025-26,1610612746,1610612753,LAC,ORL,109,111,A
2026-02-22,2025-26,1610612747,1610612738,LAL,BOS,89,111,A
2026-02-22,2025-26,1610612749,1610612761,MIL,TOR,94,122,A
2026-02-22,2025-26,1610612750,1610612755,MIN,PHI,108,135,A
2026-02-22,2025-26,1610612754,1610612742,IND,DAL,130,134,A
2026-02-22,2025-26,1610612756,1610612757,PHX,POR,77,92,A
2026-02-22,2025-26,1610612760,1610612739,OKC,CLE,121,113,H
2026-02-22,2025-26,1610612764,1610612766,WAS,CHA,112,129,A
2026-02-23,2025-26,1610612745,1610612762,HOU,UTA,125,105,H
2026-02-23,2025-26,1610612763,1610612758,MEM,SAC,114,123,A
2026-02-23,2025-26,1610612765,1610612759,DET,SAS,103,114,A
2026-02-24,2025-26,1610612737,1610612764,ATL,WAS,119,98,H
2026-02-24,2025-26,1610612739,1610612752,CLE,NYK,109,94,H
2026-02-24,2025-26,1610612740,1610612744,NOP,GSW,113,109,H
2026-02-24,2025-26,1610612741,1610612766,CHI,CHA,99,131,A
2026-02-24,2025-26,1610612747,1610612753,LAL,ORL,109,110,A
2026-02-24,2025-26,1610612749,1610612748,MIL,MIA,128,117,H
2026-02-24,2025-26,1610612751,1610612742,BKN,DAL,114,123,A
2026-02-24,2025-26,1610612754,1610612755,IND,PHI,114,135,A
2026-02-24,2025-26,1610612756,1610612738,PHX,BOS,81,97,A
2026-02-24,2025-26,1610612757,1610612750,POR,MIN,121,124,A
2026-02-24,2025-26,1610612761,1610612760,TOR,OKC,107,116,A
2026-02-25,2025-26,1610612743,1610612738,DEN,BOS,103,84,H
2026-02-25,2025-26,1610612745,1610612758,HOU,SAC,128,97,H
2026-02-25,2025-26,1610612749,1610612739,MIL,CLE,118,116,H
2026-02-25,2025-26,1610612761,1610612759,TOR,SAS,107,110,A
2026-02-25,2025-26,1610612763,1610612744,MEM,GSW,112,133,A
2026-02-25,2025-26,1610612765,1610612760,DET,OKC,124,116,H
2026-02-26,2025-26,1610612737,1610612764,ATL,WAS,126,96,H
2026-02-26,2025-26,1610612741,1610612757,CHI,POR,112,121,A
2026-02-26,2025-26,1610612742,1610612758,DAL,SAC,121,130,A
2026-02-26,2025-26,1610612746,1610612750,LAC,MIN,88,94,A
2026-02-26,2025-26,1610612751,1610612759,BKN,SAS,110,126,A
2026-02-26,2025-26,1610612753,1610612745,ORL,HOU,108,113,A
2026-02-26,2025-26,1610612754,1610612766,IND,CHA,109,133,A
2026-02-26,2025-26,1610612755,1610612748,PHI,MIA,124,117,H
2026-02-26,2025-26,1610612756,1610612747,PHX,LAL,113,110,H
2026-02-26,2025-26,1610612762,1610612740,UTA,NOP,118,129,A
2026-02-27,2025-26,1610612738,1610612751,BOS,BKN,148,111,H
2026-02-27,2025-26,1610612742,1610612763,DAL,MEM,105,124,A
2026-02-27,2025-26,1610612749,1610612752,MIL,NYK,98,127,A
2026-02-27,2025-26,1610612760,1610612743,OKC,DEN,127,121,H
2026-02-27,2025-26,1610612765,1610612739,DET,CLE,122,119,H
2026-02-28,2025-26,1610612744,1610612747,GSW,LAL,101,129,A
2026-02-28,2025-26,1610612748,1610612745,MIA,HOU,115,105,H
2026-02-28,2025-26,1610612762,1610612740,UTA,NOP,105,115,A
2026-02-28,2025-26,1610612764,1610612761,WAS,TOR,125,134,A
2026-02-28,2025-26,1610612766,1610612757,CHA,POR,109,93,H
2026-03-01,2025-26,1610612737,1610612757,ATL,POR,135,101,H
2026-03-01,2025-26,1610612738,1610612755,BOS,PHI,114,98,H
2026-03-01,2025-26,1610612741,1610612749,CHI,MIL,120,97,H
2026-03-01,2025-26,1610612742,1610612760,DAL,OKC,87,100,A
2026-03-01,2025-26,1610612743,1610612750,DEN,MIN,108,117,A
2026-03-01,2025-26,1610612746,1610612740,LAC,NOP,137,117,H
2026-03-01,2025-26,1610612747,1610612758,LAL,SAC,128,104,H
2026-03-01,2025-26,1610612751,1610612739,BKN,CLE,102,106,A
2026-03-01,2025-26,1610612752,1610612759,NYK,SAS,114,89,H
2026-03-01,2025-26,1610612753,1610612765,ORL,DET,92,106,A
2026-03-01,2025-26,1610612754,1610612763,IND,MEM,106,125,A
2026-03-02,2025-26,1610612744,1610612746,GSW,LAC,101,114,A
2026-03-02,2025-26,1610612749,1610612738,MIL,BOS,81,108,A
2026-03-02,2025-26,1610612762,1610612743,UTA,DEN,125,128,A
2026-03-02,2025-26,1610612764,1610612745,WAS,HOU,118,123,A
2026-03-03,2025-26,1610612739,1610612765,CLE,DET,113,109,H
2026-03-03,2025-26,1610612741,1610612760,CHI,OKC,108,116,A
2026-03-03,2025-26,1610612747,1610612740,LAL,NOP,110,101,H
2026-03-03,2025-26,1610612748,1610612751,MIA,BKN,124,98,H
2026-03-03,2025-26,1610612750,1610612763,MIN,MEM,117,110,H
2026-03-03,2025-26,1610612753,1610612764,ORL,WAS,126,109,H
2026-03-03,2025-26,1610612755,1610612759,PHI,SAS,91,131,A
2026-03-03,2025-26,1610612758,1610612756,SAC,PHX,103,114,A
2026-03-03,2025-26,1610612761,1610612752,TOR,NYK,95,111,A
2026-03-03,2025-26,1610612766,1610612742,CHA,DAL,117,90,H
2026-03-04,2025-26,1610612738,1610612766,BOS,CHA,89,118,A
2026-03-04,2025-26,1610612746,1610612754,LAC,IND,130,107,H
2026-03-04,2025-26,1610612749,1610612737,MIL,ATL,113,131,A
2026-03-04,2025-26,1610612752,1610612760,NYK,OKC,100,103,A
2026-03-04,2025-26,1610612755,1610612762,PHI,UTA,106,102,H
2026-03-04,2025-26,1610612763,1610612757,MEM,POR,114,122,A
2026-03-05,2025-26,1610612743,1610612747,DEN,LAL,120,113,H
2026-03-05,2025-26,1610612745,1610612744,HOU,GSW,113,115,A
2026-03-05,2025-26,1610612748,1610612751,MIA,BKN,126,110,H
2026-03-05,2025-26,1610612750,1610612761,MIN,TOR,115,107,H
2026-03-05,2025-26,1610612753,1610612742,ORL,DAL,115,114,H
2026-03-05,2025-26,1610612756,1610612741,PHX,CHI,103,105,A
2026-03-05,2025-26,1610612758,1610612740,SAC,NOP,123,133,A
2026-03-05,2025-26,1610612759,1610612765,SAS,DET,121,106,H
2026-03-05,2025-26,1610612764,1610612762,WAS,UTA,112,122,A
2026-03-06,2025-26,1610612738,1610612742,BOS,DAL,120,100,H
2026-03-06,2025-26,1610612743,1610612752,DEN,NYK,103,142,A
2026-03-06,2025-26,1610612745,1610612757,HOU,POR,106,99,H
2026-03-06,2025-26,1610612747,1610612754,LAL,IND,128,117,H
2026-03-06,2025-26,1610612756,1610612740,PHX,NOP,118,116,H
2026-03-06,2025-26,1610612759,1610612746,SAS,LAC,116,112,H
2026-03-06,2025-26,1610612766,1610612748,CHA,MIA,120,128,A
2026-03-07,2025-26,1610612737,1610612755,ATL,PHI,125,116,H
2026-03-07,2025-26,1610612749,1610612762,MIL,UTA,113,99,H
2026-03-07,2025-26,1610612750,1610612753,MIN,ORL,92,119,A
2026-03-07,2025-26,1610612760,1610612744,OKC,GSW,104,97,H
2026-03-07,2025-26,1610612763,1610612746,MEM,LAC,120,123,A
2026-03-07,2025-26,1610612765,1610612751,DET,BKN,105,107,A
2026-03-08,2025-26,1610612739,1610612738,CLE,BOS,98,109,A
2026-03-08,2025-26,1610612740,1610612764,NOP,WAS,138,118,H
2026-03-08,2025-26,1610612747,1610612752,LAL,NYK,110,97,H
2026-03-08,2025-26,1610612748,1610612765,MIA,DET,121,110,H
2026-03-08,2025-26,1610612749,1610612753,MIL,ORL,91,130,A
2026-03-08,2025-26,1610612756,1610612766,PHX,CHA,111,99,H
2026-03-08,2025-26,1610612757,1610612754,POR,IND,131,111,H
2026-03-08,2025-26,1610612758,1610612741,SAC,CHI,126,110,H
2026-03-08,2025-26,1610612759,1610612745,SAS,HOU,145,120,H
2026-03-08,2025-26,1610612761,1610612742,TOR,DAL,122,92,H
2026-03-09,2025-26,1610612739,1610612755,CLE,PHI,115,101,H
2026-03-09,2025-26,1610612746,1610612752,LAC,NYK,126,118,H
2026-03-09,2025-26,1610612751,1610612763,BKN,MEM,126,115,H
2026-03-09,2025-26,1610612760,1610612743,OKC,DEN,129,126,H
2026-03-09,2025-26,1610612762,1610612744,UTA,GSW,119,116,H
2026-03-10,2025-26,1610612737,1610612742,ATL,DAL,124,112,H
2026-03-10,2025-26,1610612744,1610612741,GSW,CHI,124,130,A
2026-03-10,2025-26,1610612745,1610612761,HOU,TOR,113,99,H
2026-03-10,2025-26,1610612747,1610612750,LAL,MIN,120,106,H
2026-03-10,2025-26,1610612748,1610612764,MIA,WAS,150,129,H
2026-03-10,2025-26,1610612749,1610612756,MIL,PHX,114,129,A
2026-03-10,2025-26,1610612751,1610612765,BKN,DET,100,138,A
2026-03-10,2025-26,1610612755,1610612763,PHI,MEM,139,129,H
2026-03-10,2025-26,1610612757,1610612766,POR,CHA,101,103,A
2026-03-10,2025-26,1610612758,1610612754,SAC,IND,114,109,H
2026-03-10,2025-26,1610612759,1610612738,SAS,BOS,125,116,H
2026-03-11,2025-26,1610612740,1610612761,NOP,TOR,122,111,H
2026-03-11,2025-26,1610612743,1610612745,DEN,HOU,129,93,H
2026-03-11,2025-26,1610612746,1610612750,LAC,MIN,153,128,H
2026-03-11,2025-26,1610612753,1610612739,ORL,CLE,128,122,H
2026-03-11,2025-26,1610612758,1610612766,SAC,CHA,109,117,A
2026-03-11,2025-26,1610612762,1610612752,UTA,NYK,117,134,A
2026-03-12,2025-26,1610612737,1610612751,ATL,BKN,108,97,H
2026-03-12,2025-26,1610612747,1610612741,LAL,CHI,142,130,H
2026-03-12,2025-26,1610612748,1610612749,MIA,MIL,112,105,H
2026-03-12,2025-26,1610612753,1610612764,ORL,WAS,136,131,H
2026-03-12,2025-26,1610612754,1610612756,IND,PHX,108,123,A
2026-03-12,2025-26,1610612759,1610612743,SAS,DEN,131,136,A
2026-03-12,2025-26,1610612760,1610612738,OKC,BOS,104,102,H
2026-03-12,2025-26,1610612763,1610612742,MEM,DAL,112,120,A
2026-03-12,2025-26,1610612765,1610612755,DET,PHI,131,109,H
2026-03-13,2025-26,1610612742,1610612739,DAL,CLE,105,138,A
2026-03-13,2025-26,1610612744,1610612750,GSW,MIN,117,127,A
2026-03-13,2025-26,1610612745,1610612740,HOU,NOP,107,105,H
2026-03-13,2025-26,1610612746,1610612741,LAC,CHI,119,108,H
2026-03-13,2025-26,1610612754,1610612752,IND,NYK,92,101,A
2026-03-13,2025-26,1610612757,1610612762,POR,UTA,124,114,H
2026-03-13,2025-26,1610612761,1610612756,TOR,PHX,122,115,H
2026-03-13,2025-26,1610612765,1610612763,DET,MEM,126,110,H
2026-03-14,2025-26,1610612737,1610612749,ATL,MIL,122,99,H
2026-03-14,2025-26,1610612738,1610612764,BOS,WAS,111,100,H
2026-03-14,2025-26,1610612746,1610612758,LAC,SAC,109,118,A
2026-03-14,2025-26,1610612747,1610612743,LAL,DEN,127,125,H
2026-03-14,2025-26,1610612748,1610612753,MIA,ORL,117,121,A
2026-03-14,2025-26,1610612755,1610612751,PHI,BKN,104,97,H
2026-03-14,2025-26,1610612759,1610612766,SAS,CHA,115,102,H
2026-03-15,2025-26,1610612739,1610612742,CLE,DAL,120,130,A
2026-03-15,2025-26,1610612749,1610612754,MIL,IND,134,123,H
2026-03-15,2025-26,1610612752,1610612744,NYK,GSW,110,107,H
2026-03-15,2025-26,1610612755,1610612757,PHI,POR,109,103,H
2026-03-15,2025-26,1610612758,1610612762,SAC,UTA,116,111,H
2026-03-15,2025-26,1610612760,1610612750,OKC,MIN,116,103,H
2026-03-15,2025-26,1610612761,1610612765,TOR,DET,119,108,H
2026-03-16,2025-26,1610612737,1610612753,ATL,ORL,124,112,H
2026-03-16,2025-26,1610612738,1610612756,BOS,PHX,120,112,H
2026-03-16,2025-26,1610612740,1610612742,NOP,DAL,129,111,H
2026-03-16,2025-26,1610612741,1610612763,CHI,MEM,132,107,H
2026-03-16,2025-26,1610612745,1610612747,HOU,LAL,92,100,A
2026-03-16,2025-26,1610612746,1610612759,LAC,SAS,115,119,A
2026-03-16,2025-26,1610612751,1610612757,BKN,POR,95,114,A
2026-03-16,2025-26,1610612764,1610612744,WAS,GSW,117,125,A
2026-03-17,2025-26,1610612743,1610612755,DEN,PHI,124,96,H
2026-03-17,2025-26,1610612749,1610612739,MIL,CLE,116,123,A
2026-03-17,2025-26,1610612750,1610612756,MIN,PHX,116,104,H
2026-03-17,2025-26,1610612752,1610612754,NYK,IND,136,110,H
2026-03-17,2025-26,1610612753,1610612760,ORL,OKC,108,113,A
2026-03-17,2025-26,1610612758,1610612759,SAC,SAS,104,132,A
2026-03-17,2025-26,1610612764,1610612765,WAS,DET,117,130,A
2026-03-17,2025-26,1610612766,1610612748,CHA,MIA,136,106,H
2026-03-18,2025-26,1610612738,1610612744,BOS,GSW,120,99,H
2026-03-18,2025-26,1610612740,1610612746,NOP,LAC,124,109,H
2026-03-18,2025-26,1610612741,1610612761,CHI,TOR,109,139,A
2026-03-18,2025-26,1610612742,1610612737,DAL,ATL,120,135,A
2026-03-18,2025-26,1610612745,1610612747,HOU,LAL,116,124,A
2026-03-18,2025-26,1610612750,1610612762,MIN,UTA,147,111,H
2026-03-18,2025-26,1610612751,1610612760,BKN,OKC,92,121,A
2026-03-18,2025-26,1610612754,1610612757,IND,POR,119,127,A
2026-03-18,2025-26,1610612763,1610612743,MEM,DEN,125,118,H
2026-03-19,2025-26,1610612740,1610612746,NOP,LAC,105,99,H
2026-03-19,2025-26,1610612741,1610612739,CHI,CLE,110,115,A
2026-03-19,2025-26,1610612748,1610612747,MIA,LAL,126,134,A
2026-03-19,2025-26,1610612758,1610612755,SAC,PHI,118,139,A
2026-03-19,2025-26,1610612759,1610612756,SAS,PHX,101,100,H
2026-03-19,2025-26,1610612762,1610612749,UTA,MIL,128,96,H
2026-03-19,2025-26,1610612764,1610612765,WAS,DET,95,117,A
2026-03-19,2025-26,1610612766,1610612753,CHA,ORL,130,111,H
2026-03-20,2025-26,1610612743,1610612761,DEN,TOR,121,115,H
2026-03-20,2025-26,1610612745,1610612737,HOU,ATL,117,95,H
2026-03-20,2025-26,1610612750,1610612757,MIN,POR,104,108,A
2026-03-20,2025-26,1610612751,1610612752,BKN,NYK,92,93,A
2026-03-20,2025-26,1610612763,1610612738,MEM,BOS,112,117,A
2026-03-20,2025-26,1610612765,1610612744,DET,GSW,115,101,H
2026-03-21,2025-26,1610612737,1610612744,ATL,GSW,126,110,H
2026-03-21,2025-26,1610612740,1610612739,NOP,CLE,106,111,A
2026-03-21,2025-26,1610612742,1610612746,DAL,LAC,131,138,A
2026-03-21,2025-26,1610612745,1610612748,HOU,MIA,123,122,H
2026-03-21,2025-26,1610612753,1610612747,ORL,LAL,104,105,A
2026-03-21,2025-26,1610612756,1610612749,PHX,MIL,105,108,A
2026-03-21,2025-26,1610612759,1610612754,SAS,IND,134,119,H
2026-03-21,2025-26,1610612762,1610612755,UTA,PHI,116,126,A
2026-03-21,2025-26,1610612764,1610612760,WAS,OKC,111,132,A
2026-03-21,2025-26,1610612766,1610612763,CHA,MEM,124,101,H
2026-03-22,2025-26,1610612738,1610612750,BOS,MIN,92,102,A
2026-03-22,2025-26,1610612743,1610612757,DEN,POR,128,112,H
2026-03-22,2025-26,1610612752,1610612764,NYK,WAS,145,113,H
2026-03-22,2025-26,1610612756,1610612761,PHX,TOR,120,98,H
2026-03-22,2025-26,1610612758,1610612751,SAC,BKN,126,122,H
2026-03-23,2025-26,1610612737,1610612763,ATL,MEM,146,107,H
2026-03-23,2025-26,1610612741,1610612745,CHI,HOU,132,124,H
2026-03-23,2025-26,1610612742,1610612744,DAL,GSW,131,137,A
2026-03-23,2025-26,1610612746,1610612749,LAC,MIL,129,96,H
2026-03-23,2025-26,1610612748,1610612759,MIA,SAS,111,136,A
2026-03-23,2025-26,1610612753,1610612754,ORL,IND,126,128,A
2026-03-23,2025-26,1610612755,1610612760,PHI,OKC,103,123,A
2026-03-23,2025-26,1610612757,1610612751,POR,BKN,134,99,H
2026-03-23,2025-26,1610612762,1610612761,UTA,TOR,127,143,A
2026-03-23,2025-26,1610612765,1610612747,DET,LAL,113,110,H
2026-03-24,2025-26,1610612739,1610612753,CLE,ORL,136,131,H
2026-03-24,2025-26,1610612752,1610612740,NYK,NOP,121,116,H
2026-03-24,2025-26,1610612756,1610612743,PHX,DEN,123,125,A
2026-03-24,2025-26,1610612766,1610612758,CHA,SAC,134,90,H
2026-03-25,2025-26,1610612738,1610612760,BOS,OKC,119,109,H
2026-03-25,2025-26,1610612739,1610612748,CLE,MIA,103,120,A
2026-03-25,2025-26,1610612743,1610612742,DEN,DAL,142,135,H
2026-03-25,2025-26,1610612744,1610612751,GSW,BKN,109,106,H
2026-03-25,2025-26,1610612746,1610612761,LAC,TOR,119,94,H
2026-03-25,2025-26,1610612750,1610612745,MIN,HOU,110,108,H
2026-03-25,2025-26,1610612754,1610612747,IND,LAL,130,137,A
2026-03-25,2025-26,1610612755,1610612741,PHI,CHI,157,137,H
2026-03-25,2025-26,1610612757,1610612749,POR,MIL,130,99,H
2026-03-25,2025-26,1610612762,1610612764,UTA,WAS,110,133,A
2026-03-25,2025-26,1610612763,1610612759,MEM,SAS,98,123,A
2026-03-25,2025-26,1610612765,1610612737,DET,ATL,129,130,A
2026-03-26,2025-26,1610612753,1610612758,ORL,SAC,121,117,H
2026-03-26,2025-26,1610612765,1610612740,DET,NOP,129,108,H
2026-03-26,2025-26,1610612766,1610612752,CHA,NYK,114,103,H
2026-03-27,2025-26,1610612738,1610612737,BOS,ATL,109,102,H
2026-03-27,2025-26,1610612739,1610612748,CLE,MIA,149,128,H
2026-03-27,2025-26,1610612743,1610612762,DEN,UTA,135,129,H
2026-03-27,2025-26,1610612744,1610612764,GSW,WAS,131,126,H
2026-03-27,2025-26,1610612747,1610612751,LAL,BKN,116,99,H
2026-03-27,2025-26,1610612754,1610612746,IND,LAC,113,114,A
2026-03-27,2025-26,1610612757,1610612742,POR,DAL,93,100,A
2026-03-27,2025-26,1610612760,1610612741,OKC,CHI,131,113,H
2026-03-27,2025-26,1610612761,1610612740,TOR,NOP,119,106,H
2026-03-27,2025-26,1610612763,1610612745,MEM,HOU,109,119,A
2026-03-28,2025-26,1610612737,1610612758,ATL,SAC,123,113,H
2026-03-28,2025-26,1610612749,1610612759,MIL,SAS,95,127,A
2026-03-28,2025-26,1610612750,1610612765,MIN,DET,87,109,A
2026-03-28,2025-26,1610612756,1610612762,PHX,UTA,134,109,H
2026-03-28,2025-26,1610612763,1610612741,MEM,CHI,125,124,H
2026-03-28,2025-26,1610612766,1610612755,CHA,PHI,114,118,A
2026-03-29,2025-26,1610612740,1610612745,NOP,HOU,102,134,A
2026-03-29,2025-26,1610612743,1610612744,DEN,GSW,116,93,H
2026-03-29,2025-26,1610612749,1610612746,MIL,LAC,113,127,A
2026-03-29,2025-26,1610612751,1610612758,BKN,SAC,116,99,H
2026-03-29,2025-26,1610612754,1610612748,IND,MIA,135,118,H
2026-03-29,2025-26,1610612757,1610612764,POR,WAS,123,88,H
2026-03-29,2025-26,1610612760,1610612752,OKC,NYK,111,100,H
2026-03-29,2025-26,1610612761,1610612753,TOR,ORL,139,87,H
2026-03-29,2025-26,1610612766,1610612738,CHA,BOS,99,114,A
2026-03-30,2025-26,1610612737,1610612738,ATL,BOS,112,102,H
2026-03-30,2025-26,1610612742,1610612750,DAL,MIN,94,124,A
2026-03-30,2025-26,1610612747,1610612764,LAL,WAS,120,101,H
2026-03-30,2025-26,1610612748,1610612755,MIA,PHI,119,109,H
2026-03-30,2025-26,1610612759,1610612741,SAS,CHI,129,114,H
2026-03-30,2025-26,1610612760,1610612765,OKC,DET,114,110,H
2026-03-30,2025-26,1610612762,1610612739,UTA,CLE,113,122,A
2026-03-30,2025-26,1610612763,1610612756,MEM,PHX,105,131,A
2026-03-31,2025-26,1610612745,1610612752,HOU,NYK,111,94,H
2026-03-31,2025-26,1610612746,1610612757,LAC,POR,104,114,A
2026-03-31,2025-26,1610612747,1610612739,LAL,CLE,127,113,H
2026-03-31,2025-26,1610612749,1610612742,MIL,DAL,123,99,H
2026-03-31,2025-26,1610612751,1610612766,BKN,CHA,86,117,A
2026-03-31,2025-26,1610612753,1610612756,ORL,PHX,115,111,H
2026-03-31,2025-26,1610612765,1610612761,DET,TOR,127,116,H
2026-04-01,2025-26,1610612741,1610612754,CHI,IND,126,145,A
2026-04-01,2025-26,1610612744,1610612759,GSW,SAS,113,127,A
2026-04-01,2025-26,1610612745,1610612749,HOU,MIL,119,113,H
2026-04-01,2025-26,1610612748,1610612738,MIA,BOS,129,147,A
2026-04-01,2025-26,1610612753,1610612737,ORL,ATL,101,130,A
2026-04-01,2025-26,1610612761,1610612758,TOR,SAC,115,123,A
2026-04-01,2025-26,1610612762,1610612743,UTA,DEN,117,130,A
2026-04-01,2025-26,1610612763,1610612752,MEM,NYK,119,130,A
2026-04-01,2025-26,1610612764,1610612755,WAS,PHI,131,153,A
2026-04-02,2025-26,1610612744,1610612739,GSW,CLE,111,118,A
2026-04-02,2025-26,1610612746,1610612759,LAC,SAS,99,118,A
2026-04-02,2025-26,1610612757,1610612740,POR,NOP,118,106,H
2026-04-02,2025-26,1610612760,1610612747,OKC,LAL,139,96,H
2026-04-02,2025-26,1610612765,1610612750,DET,MIN,113,108,H
2026-04-02,2025-26,1610612766,1610612756,CHA,PHX,127,107,H
2026-04-03,2025-26,1610612742,1610612753,DAL,ORL,127,138,A
2026-04-03,2025-26,1610612745,1610612762,HOU,UTA,140,106,H
2026-04-03,2025-26,1610612749,1610612738,MIL,BOS,101,133,A
2026-04-03,2025-26,1610612751,1610612737,BKN,ATL,107,141,A
2026-04-03,2025-26,1610612752,1610612741,NYK,CHI,136,96,H
2026-04-03,2025-26,1610612755,1610612750,PHI,MIN,115,103,H
2026-04-03,2025-26,1610612758,1610612740,SAC,NOP,117,113,H
2026-04-03,2025-26,1610612763,1610612761,MEM,TOR,96,128,A
2026-04-03,2025-26,1610612766,1610612754,CHA,IND,129,108,H
2026-04-04,2025-26,1610612743,1610612759,DEN,SAS,136,134,H
2026-04-04,2025-26,1610612748,1610612764,MIA,WAS,152,136,H
2026-04-04,2025-26,1610612755,1610612765,PHI,DET,93,116,A
2026-04-05,2025-26,1610612738,1610612761,BOS,TOR,115,101,H
2026-04-05,2025-26,1610612739,1610612754,CLE,IND,117,108,H
2026-04-05,2025-26,1610612740,1610612753,NOP,ORL,108,112,A
2026-04-05,2025-26,1610612741,1610612756,CHI,PHX,110,120,A
2026-04-05,2025-26,1610612742,1610612747,DAL,LAL,134,128,H
2026-04-05,2025-26,1610612744,1610612745,GSW,HOU,116,117,A
2026-04-05,2025-26,1610612749,1610612763,MIL,MEM,131,115,H
2026-04-05,2025-26,1610612750,1610612766,MIN,CHA,108,122,A
2026-04-05,2025-26,1610612751,1610612764,BKN,WAS,121,115,H
2026-04-05,2025-26,1610612758,1610612746,SAC,LAC,109,138,A
2026-04-05,2025-26,1610612760,1610612762,OKC,UTA,146,111,H
2026-04-06,2025-26,1610612737,1610612752,ATL,NYK,105,108,A
2026-04-06,2025-26,1610612743,1610612757,DEN,POR,137,132,H
2026-04-06,2025-26,1610612753,1610612765,ORL,DET,123,107,H
2026-04-06,2025-26,1610612759,1610612755,SAS,PHI,115,102,H
2026-04-06,2025-26,1610612763,1610612739,MEM,CLE,126,142,A
2026-04-07,2025-26,1610612738,1610612766,BOS,CHA,113,102,H
2026-04-07,2025-26,1610612740,1610612762,NOP,UTA,156,137,H
2026-04-07,2025-26,1610612744,1610612758,GSW,SAC,110,105,H
2026-04-07,2025-26,1610612746,1610612742,LAC,DAL,116,103,H
2026-04-07,2025-26,1610612747,1610612760,LAL,OKC,87,123,A
2026-04-07,2025-26,1610612751,1610612749,BKN,MIL,96,90,H
2026-04-07,2025-26,1610612754,1610612750,IND,MIN,104,124,A
2026-04-07,2025-26,1610612756,1610612745,PHX,HOU,105,119,A
2026-04-07,2025-26,1610612761,1610612748,TOR,MIA,121,95,H
2026-04-07,2025-26,1610612764,1610612741,WAS,CHI,98,129,A
2026-04-08,2025-26,1610612739,1610612737,CLE,ATL,122,116,H
2026-04-08,2025-26,1610612743,1610612763,DEN,MEM,136,119,H
2026-04-08,2025-26,1610612746,1610612760,LAC,OKC,110,128,A
2026-04-08,2025-26,1610612753,1610612750,ORL,MIN,132,120,H
2026-04-08,2025-26,1610612756,1610612742,PHX,DAL,112,107,H
2026-04-08,2025-26,1610612759,1610612757,SAS,POR,112,101,H
2026-04-08,2025-26,1610612765,1610612749,DET,MIL,137,111,H
2026-04-09,2025-26,1610612744,1610612747,GSW,LAL,103,119,A
2026-04-09,2025-26,1610612745,1610612755,HOU,PHI,113,102,H
2026-04-09,2025-26,1610612751,1610612754,BKN,IND,94,123,A
2026-04-09,2025-26,1610612752,1610612738,NYK,BOS,112,106,H
2026-04-09,2025-26,1610612761,1610612748,TOR,MIA,128,114,H
2026-04-09,2025-26,1610612764,1610612741,WAS,CHI,108,119,A
2026-04-10,2025-26,1610612737,1610612739,ATL,CLE,124,102,H
2026-04-10,2025-26,1610612738,1610612740,BOS,NOP,144,118,H
2026-04-10,2025-26,1610612741,1610612753,CHI,ORL,103,127,A
2026-04-10,2025-26,1610612743,1610612760,DEN,OKC,127,107,H
2026-04-10,2025-26,1610612745,1610612750,HOU,MIN,132,136,A
2026-04-10,2025-26,1610612747,1610612756,LAL,PHX,101,73,H
2026-04-10,2025-26,1610612749,1610612751,MIL,BKN,125,108,H
2026-04-10,2025-26,1610612752,1610612761,NYK,TOR,112,95,H
2026-04-10,2025-26,1610612754,1610612755,IND,PHI,94,105,A
2026-04-10,2025-26,1610612757,1610612746,POR,LAC,116,97,H
2026-04-10,2025-26,1610612758,1610612744,SAC,GSW,124,118,H
2026-04-10,2025-26,1610612759,1610612742,SAS,DAL,139,120,H
2026-04-10,2025-26,1610612762,1610612763,UTA,MEM,147,101,H
2026-04-10,2025-26,1610612764,1610612748,WAS,MIA,117,140,A
2026-04-10,2025-26,1610612766,1610612765,CHA,DET,100,118,A
2026-04-12,2025-26,1610612738,1610612753,BOS,ORL,113,108,H
2026-04-12,2025-26,1610612739,1610612764,CLE,WAS,130,117,H
2026-04-12,2025-26,1610612742,1610612741,DAL,CHI,149,128,H
2026-04-12,2025-26,1610612745,1610612763,HOU,MEM,132,101,H
2026-04-12,2025-26,1610612746,1610612744,LAC,GSW,115,110,H
2026-04-12,2025-26,1610612747,1610612762,LAL,UTA,131,107,H
2026-04-12,2025-26,1610612748,1610612737,MIA,ATL,143,117,H
2026-04-12,2025-26,1610612750,1610612740,MIN,NOP,132,126,H
2026-04-12,2025-26,1610612752,1610612766,NYK,CHA,96,110,A
2026-04-12,2025-26,1610612754,1610612765,IND,DET,121,133,A
2026-04-12,2025-26,1610612755,1610612749,PHI,MIL,126,106,H
2026-04-12,2025-26,1610612757,1610612758,POR,SAC,122,110,H
2026-04-12,2025-26,1610612759,1610612743,SAS,DEN,118,128,A
2026-04-12,2025-26,1610612760,1610612756,OKC,PHX,103,135,A
2026-04-12,2025-26,1610612761,1610612751,TOR,BKN,136,101,H
